symbol,time,"dist(0,0)","dist(1,0)","dist(2,0)","dist(3,0)","dist(4,0)","dist(5,0)","dist(6,0)","dist(7,0)","dist(0,1)","dist(1,1)","dist(2,1)","dist(3,1)","dist(4,1)","dist(5,1)","dist(6,1)","dist(7,1)","dist(0,2)","dist(1,2)","dist(2,2)","dist(3,2)","dist(4,2)","dist(5,2)","dist(6,2)","dist(7,2)","dist(0,3)","dist(1,3)","dist(2,3)","dist(3,3)","dist(4,3)","dist(5,3)","dist(6,3)","dist(7,3)","dist(0,4)","dist(1,4)","dist(2,4)","dist(3,4)","dist(4,4)","dist(5,4)","dist(6,4)","dist(7,4)","dist(0,5)","dist(1,5)","dist(2,5)","dist(3,5)","dist(4,5)","dist(5,5)","dist(6,5)","dist(7,5)","dist(0,6)","dist(1,6)","dist(2,6)","dist(3,6)","dist(4,6)","dist(5,6)","dist(6,6)","dist(7,6)","dist(0,7)","dist(1,7)","dist(2,7)","dist(3,7)","dist(4,7)","dist(5,7)","dist(6,7)","dist(7,7)","delta(0,0)","delta(1,0)","delta(2,0)","delta(3,0)","delta(4,0)","delta(5,0)","delta(6,0)","delta(7,0)","delta(0,1)","delta(1,1)","delta(2,1)","delta(3,1)","delta(4,1)","delta(5,1)","delta(6,1)","delta(7,1)","delta(0,2)","delta(1,2)","delta(2,2)","delta(3,2)","delta(4,2)","delta(5,2)","delta(6,2)","delta(7,2)","delta(0,3)","delta(1,3)","delta(2,3)","delta(3,3)","delta(4,3)","delta(5,3)","delta(6,3)","delta(7,3)","delta(0,4)","delta(1,4)","delta(2,4)","delta(3,4)","delta(4,4)","delta(5,4)","delta(6,4)","delta(7,4)","delta(0,5)","delta(1,5)","delta(2,5)","delta(3,5)","delta(4,5)","delta(5,5)","delta(6,5)","delta(7,5)","delta(0,6)","delta(1,6)","delta(2,6)","delta(3,6)","delta(4,6)","delta(5,6)","delta(6,6)","delta(7,6)","delta(0,7)","delta(1,7)","delta(2,7)","delta(3,7)","delta(4,7)","delta(5,7)","delta(6,7)","delta(7,7)"
1,2022-04-04T10:02:23.886360,0.655,1.0,1.0,0.565,1.0,1.0,1.0,1.0,0.865,1.0,0.6275,0.5875,1.0,1.0,1.0,1.0,1.0,1.0,0.55,0.5325,0.6,0.6575,0.6675,0.745,1.0,0.52,0.48,0.485,0.52,0.69,0.6325,0.7825,1.0,0.5,0.49,0.47,0.48,0.52,0.67,1.0,1.0,0.525,0.51,0.49,0.4825,0.5075,0.6525,0.695,1.0,0.8425,0.54,0.5375,0.5175,0.5275,0.65,0.77,1.0,1.0,0.615,0.545,0.535,1.0,0.6475,1.0,0.117,0.0,0.0179,0.0163,0.0,0.0,0.0,0.0,0.0893,0.2202,0.215,0.0127,0.0381,0.0989,0.0001,0.0,0.0,0.0214,0.0159,0.0086,0.0139,0.0128,0.048,0.1794,0.0,0.1021,0.0083,0.008,0.0098,0.0895,0.059,0.0242,0.0167,0.0114,0.0099,0.0057,0.0055,0.3499,0.0143,0.0,0.0102,0.0167,0.0094,0.0116,0.0105,0.0178,0.0988,0.0412,0.0,0.0782,0.0097,0.0076,0.0078,0.0126,0.2824,0.035,0.0,0.0069,0.0123,0.0108,0.0086,0.1506,0.0239,0.0999
1,2022-04-04T10:02:24.164343,1.0,1.0,1.0,0.57,1.0,1.0,1.0,1.0,1.0,0.62,0.6075,0.57,0.6,0.6825,0.68,1.0,1.0,1.0,0.6,0.535,0.5975,0.585,0.69,0.745,1.0,0.52,0.4825,0.4825,0.525,0.6525,0.6725,0.7175,1.0,0.5,0.48,0.4675,0.48,0.5625,0.66,1.0,1.0,0.5175,0.5,0.4775,0.47,0.5025,0.705,0.68,1.0,0.7425,0.52,0.525,0.5125,0.52,0.6875,0.68,1.0,1.0,0.59,0.535,0.5275,1.0,0.6525,1.0,0.1155,0.0,0.0045,0.0072,0.0,0.0,0.0,0.0,0.0642,0.2451,0.0588,0.0113,0.1176,0.1116,0.0888,0.0,0.0,0.0053,0.0202,0.0065,0.0172,0.0469,0.0345,0.0449,0.0,0.0311,0.0064,0.0051,0.0143,0.2736,0.0247,0.2017,0.0042,0.0122,0.0062,0.0027,0.0145,0.1043,0.0073,0.0,0.0025,0.0098,0.0055,0.0079,0.007,0.0057,0.051,0.0309,0.0,0.0771,0.0112,0.0082,0.0045,0.0106,0.0869,0.045,0.0,0.0017,0.0131,0.0114,0.0046,0.3527,0.2678,0.2818
1,2022-04-04T10:02:24.435345,1.0,1.0,1.0,0.5475,1.0,1.0,1.0,1.0,0.9475,0.745,0.68,0.5725,0.59,0.7375,0.705,0.7475,1.0,1.0,0.6125,0.5625,0.575,0.69,0.6825,1.0,1.0,1.0,0.5,0.48,0.51,0.64,1.0,0.7025,1.0,0.51,0.4725,0.4675,0.475,0.5375,0.6625,1.0,1.0,0.5325,0.5,0.47,0.4625,0.495,0.6425,0.5875,1.0,0.825,0.52,0.52,0.4925,0.5,0.6,0.7375,1.0,1.0,0.6075,0.5475,0.525,1.0,0.6025,0.6625,0.0289,0.0,0.0011,0.0106,0.0,0.0,0.0,0.0,0.1642,0.1375,0.0397,0.0035,0.0344,0.121,0.0572,0.1262,0.0,0.0013,0.0132,0.0141,0.0193,0.0392,0.0386,0.1381,0.0,0.1278,0.0097,0.0025,0.0111,0.084,0.0881,0.056,0.001,0.0156,0.0047,0.0025,0.0061,0.033,0.0306,0.0,0.0006,0.0093,0.0051,0.0039,0.0055,0.0108,0.0309,0.0477,0.0,0.0499,0.0028,0.0033,0.008,0.0095,0.0561,0.04,0.0,0.0004,0.0114,0.0085,0.0055,0.0882,0.3526,0.2392
1,2022-04-04T10:02:24.564213,1.0,1.0,1.0,1.0,1.0,1.0,1.0,1.0,0.8375,0.6875,1.0,0.565,0.57,0.6775,0.6575,1.0,1.0,1.0,0.6325,0.56,0.59,0.6975,0.7025,0.6725,1.0,1.0,0.5225,0.4875,0.4975,0.7075,1.0,1.0,1.0,0.495,0.475,0.4675,0.475,0.53,0.6425,0.7225,1.0,0.5375,0.495,0.465,0.4525,0.48,0.605,0.66,1.0,0.87,0.515,0.515,0.49,0.49,0.58,0.7375,1.0,1.0,0.6025,0.54,0.52,0.5275,0.69,1.0,0.0144,0.0,0.0006,0.2315,0.0,0.0,0.0,0.0,0.1371,0.0975,0.1798,0.0055,0.0272,0.0905,0.0523,0.1894,0.0,0.0007,0.0166,0.0083,0.0172,0.0234,0.0293,0.2328,0.0,0.0639,0.0161,0.005,0.0118,0.0758,0.044,0.1768,0.0005,0.0153,0.0036,0.0013,0.0031,0.0202,0.0253,0.1387,0.0003,0.0072,0.0051,0.0044,0.0077,0.0129,0.0342,0.0601,0.0,0.0474,0.0039,0.0041,0.0052,0.0098,0.038,0.02,0.0,0.0002,0.0082,0.008,0.0053,0.2803,0.22,0.2884
1,2022-04-04T10:02:24.701747,1.0,1.0,1.0,1.0,1.0,1.0,1.0,1.0,0.8375,1.0,0.6975,0.5775,0.5675,0.75,0.6975,1.0,1.0,1.0,0.6225,0.565,0.5775,0.67,1.0,0.6725,1.0,1.0,0.5175,0.485,0.5025,0.71,0.705,0.7325,1.0,0.52,0.4775,0.465,0.4675,0.5375,0.5875,1.0,1.0,0.535,0.485,0.475,0.4525,0.47,0.6225,0.71,1.0,0.9275,0.51,0.505,0.4825,0.48,0.59,0.7525,1.0,1.0,0.61,0.535,0.525,0.5125,0.6275,0.625,0.0072,0.0,0.0003,0.1158,0.0,0.0,0.0,0.0,0.0685,0.205,0.2412,0.009,0.0149,0.0815,0.0462,0.0947,0.0,0.0003,0.0133,0.0067,0.0148,0.0254,0.1634,0.1164,0.0,0.0319,0.0106,0.0038,0.0084,0.0391,0.1695,0.2221,0.0003,0.0201,0.003,0.0019,0.0053,0.0139,0.0401,0.2081,0.0002,0.0048,0.0075,0.0072,0.0039,0.0115,0.0258,0.0551,0.0,0.0525,0.0044,0.0071,0.0064,0.0099,0.024,0.0175,0.0,0.0001,0.0078,0.0065,0.0051,0.1477,0.1413,0.3317
1,2022-04-04T10:02:24.838656,1.0,1.0,1.0,1.0,1.0,1.0,1.0,1.0,0.745,0.7425,1.0,0.57,0.565,0.73,0.7275,1.0,1.0,1.0,0.6475,0.5775,0.5725,0.6825,0.6725,0.76,1.0,1.0,0.52,0.4975,0.5075,1.0,0.6925,0.7325,1.0,0.54,0.4825,0.46,0.4775,1.0,0.6975,1.0,1.0,0.5425,0.5,0.475,0.4575,0.46,0.615,0.66,1.0,0.99,0.5125,0.51,0.4875,0.4875,0.575,0.6925,1.0,1.0,0.6025,0.545,0.5175,0.51,0.6725,1.0,0.0036,0.0,0.0001,0.0579,0.0,0.0,0.0,0.0,0.0805,0.2313,0.2718,0.0082,0.0087,0.0508,0.0381,0.0473,0.0,0.0002,0.0191,0.0096,0.0099,0.019,0.2455,0.1019,0.0,0.016,0.0065,0.0081,0.0067,0.1646,0.091,0.1111,0.0001,0.0201,0.004,0.0034,0.0076,0.2382,0.0751,0.1041,0.0001,0.0062,0.0113,0.0036,0.0044,0.0107,0.0167,0.0525,0.0,0.0575,0.0035,0.006,0.0057,0.0087,0.0195,0.0387,0.0,0.0001,0.0077,0.0082,0.0063,0.0751,0.0931,0.3533
1,2022-04-04T10:02:25.096194,0.665,1.0,1.0,1.0,1.0,1.0,1.0,1.0,0.9575,1.0,1.0,0.5675,0.58,1.0,0.6525,1.0,1.0,1.0,0.6675,0.565,0.5825,0.685,0.6,0.76,1.0,1.0,0.515,0.5025,0.5075,0.6225,1.0,1.0,1.0,0.53,0.48,0.4625,0.4775,0.5375,0.6825,0.6925,1.0,0.5325,0.495,0.4675,0.46,0.475,0.605,0.6825,1.0,0.9425,0.5175,0.5125,0.4875,0.495,0.595,0.715,1.0,1.0,0.6125,0.53,0.52,0.505,0.655,1.0,0.1034,0.0,0.0,0.0145,0.0,0.0,0.0,0.0,0.1051,0.1222,0.068,0.0046,0.0134,0.1308,0.0308,0.0118,0.0,0.0413,0.0167,0.0093,0.0106,0.0091,0.1014,0.0255,0.0,0.004,0.0135,0.0083,0.0035,0.1399,0.0996,0.0946,0.0,0.0138,0.0023,0.0021,0.0057,0.2908,0.0238,0.1798,0.0,0.029,0.0041,0.0034,0.0061,0.0083,0.0142,0.02,0.0,0.0456,0.004,0.0046,0.0033,0.0115,0.3136,0.0209,0.0,0.0,0.0082,0.0058,0.0041,0.0213,0.0633,0.3677
1,2022-04-04T10:02:25.224188,0.73,1.0,1.0,1.0,1.0,1.0,1.0,1.0,0.79,1.0,0.6825,0.5725,0.5775,0.7175,1.0,1.0,1.0,0.9925,0.6475,0.585,0.5775,0.6575,0.745,0.76,1.0,1.0,0.515,0.4975,0.505,0.695,1.0,1.0,1.0,0.52,0.485,0.465,0.48,0.57,0.685,1.0,1.0,0.525,0.49,0.475,0.455,0.4825,0.67,0.6725,1.0,0.8925,0.515,0.5175,0.4975,0.485,0.5925,0.655,1.0,1.0,0.6075,0.5425,0.5225,0.525,0.6025,0.6325,0.0842,0.0,0.0,0.0072,0.0,0.0,0.0,0.0,0.1363,0.0611,0.1927,0.0048,0.008,0.2067,0.1891,0.0059,0.0,0.0244,0.0183,0.0146,0.0078,0.0183,0.1232,0.0127,0.0,0.002,0.0068,0.0066,0.003,0.1062,0.0498,0.0473,0.0,0.0119,0.0036,0.0023,0.0041,0.1616,0.0131,0.2436,0.0,0.0183,0.0045,0.0055,0.0056,0.0079,0.0396,0.015,0.0,0.0478,0.0032,0.0048,0.0066,0.0108,0.1581,0.0405,0.0,0.0,0.0066,0.0092,0.0033,0.0206,0.0579,0.3676
1,2022-04-04T10:02:25.381516,1.0,1.0,1.0,1.0,1.0,1.0,1.0,1.0,0.79,0.795,0.6775,0.5675,0.5725,1.0,0.6675,1.0,1.0,0.9375,0.625,0.5675,0.575,0.69,0.69,1.0,1.0,1.0,0.5125,0.5025,0.52,0.62,1.0,1.0,1.0,0.525,0.475,0.4725,0.4775,0.57,0.685,1.0,1.0,0.5275,0.495,0.475,0.4625,0.4825,0.6675,0.66,1.0,0.89,0.5175,0.5175,0.49,0.4925,1.0,0.77,1.0,1.0,0.6,0.545,0.53,0.515,0.6375,0.6325,0.1771,0.0,0.0,0.0036,0.0,0.0,0.0,0.0,0.0682,0.133,0.0989,0.0049,0.0065,0.2446,0.2608,0.003,0.0,0.0397,0.0204,0.0161,0.0052,0.0254,0.0891,0.1264,0.0,0.001,0.0046,0.0058,0.009,0.0906,0.0249,0.0237,0.0,0.0084,0.0068,0.0049,0.0033,0.0808,0.0066,0.1218,0.0,0.0104,0.0048,0.0027,0.0065,0.004,0.021,0.0138,0.0,0.0252,0.0029,0.0024,0.0071,0.0091,0.2828,0.0777,0.0,0.0,0.007,0.0058,0.0054,0.0153,0.0464,0.1838
1,2022-04-04T10:02:25.525237,1.0,1.0,1.0,1.0,1.0,1.0,1.0,1.0,0.79,0.705,0.6425,0.5725,0.57,0.84,0.7425,0.7975,1.0,1.0,0.625,0.57,0.59,0.68,0.66,0.735,1.0,1.0,0.515,0.5,0.52,0.65,0.6775,0.7075,1.0,0.52,0.4875,0.475,0.485,0.5575,0.6675,1.0,1.0,0.535,0.495,0.475,0.4675,0.49,0.655,0.6825,1.0,0.93,0.52,0.5175,0.4975,0.4875,1.0,0.6925,1.0,1.0,0.61,0.5475,0.5225,0.5225,0.675,1.0,0.0886,0.0,0.0,0.0018,0.0,0.0,0.0,0.0,0.0341,0.1115,0.0669,0.0049,0.0045,0.2023,0.1679,0.1027,0.0,0.0511,0.0102,0.0093,0.0101,0.0177,0.0595,0.1957,0.0,0.0005,0.0036,0.0042,0.0045,0.0603,0.1737,0.1581,0.0,0.0067,0.0097,0.0037,0.0054,0.0467,0.012,0.0609,0.0,0.0089,0.0024,0.0014,0.0058,0.0057,0.0168,0.0181,0.0,0.0326,0.0027,0.0012,0.0073,0.0071,0.1414,0.0776,0.0,0.0,0.0085,0.0042,0.0064,0.0114,0.042,0.2757
2,2022-04-04T10:02:26.559454,0.635,1.0,1.0,1.0,1.0,1.0,1.0,1.0,0.96,0.64,0.54,0.5825,0.535,0.54,0.6675,1.0,1.0,0.81,0.5625,0.565,0.5625,0.5575,0.6775,0.6875,1.0,1.0,0.57,0.56,0.5625,0.5975,1.0,0.675,1.0,1.0,0.54,0.535,0.525,0.52,0.6875,1.0,1.0,0.595,0.485,0.4725,0.48,0.495,0.605,0.705,1.0,0.6725,0.4925,0.4975,0.505,0.5025,0.6175,0.7775,1.0,0.9625,0.52,0.525,0.5275,0.5275,0.595,0.64,0.0706,0.0,0.0,0.0,0.0,0.0,0.0,0.0,0.0753,0.1718,0.0272,0.008,0.0111,0.0436,0.2783,0.0024,0.0,0.0532,0.0157,0.0072,0.0121,0.0225,0.0659,0.0629,0.0,0.0,0.0252,0.0142,0.0144,0.0271,0.155,0.0342,0.0,0.0635,0.0089,0.0117,0.0117,0.0213,0.029,0.0005,0.0,0.0129,0.0051,0.0038,0.0057,0.0048,0.0341,0.0377,0.0,0.0454,0.0062,0.0061,0.0041,0.0098,0.0492,0.0975,0.0,0.0113,0.0138,0.0081,0.0033,0.0099,0.0342,0.0336
2,2022-04-04T10:02:26.824921,1.0,1.0,1.0,1.0,1.0,1.0,1.0,1.0,0.96,0.65,0.5525,0.545,0.54,0.52,0.6275,1.0,1.0,1.0,0.5525,0.56,0.5625,0.55,0.6725,0.7175,1.0,1.0,0.585,0.5625,0.56,0.5675,0.68,0.75,1.0,1.0,0.545,0.5375,0.535,0.5425,0.63,1.0,1.0,1.0,0.4875,0.48,0.485,0.4925,0.6575,0.66,1.0,0.7225,0.4925,0.5075,0.4875,0.5025,0.615,0.695,1.0,0.985,0.505,0.525,0.525,0.5275,0.665,1.0,0.2245,0.0,0.0,0.0,0.0,0.0,0.0,0.0,0.0188,0.0792,0.0131,0.0164,0.0046,0.0184,0.339,0.0006,0.0,0.0608,0.0121,0.0087,0.0068,0.0081,0.0321,0.0738,0.0,0.0,0.0175,0.0042,0.0048,0.0161,0.1988,0.0329,0.0,0.0159,0.0072,0.0054,0.0073,0.0147,0.0404,0.0001,0.0,0.1045,0.0063,0.0028,0.0039,0.0043,0.0292,0.0357,0.0,0.0445,0.0015,0.0053,0.0073,0.0062,0.0167,0.06,0.0,0.0178,0.0097,0.002,0.0058,0.0062,0.2773,0.1996
2,2022-04-04T10:02:26.952370,0.665,1.0,1.0,1.0,1.0,1.0,1.0,1.0,0.9275,0.7525,0.55,0.5575,0.5575,0.5175,0.6275,1.0,1.0,1.0,0.555,0.5725,0.5725,0.5425,0.7275,0.7175,1.0,1.0,0.5675,0.5625,0.5575,0.5575,0.6825,0.6925,1.0,1.0,0.545,0.5375,0.53,0.55,0.6925,0.805,1.0,1.0,0.485,0.4825,0.48,0.49,0.6075,0.695,1.0,0.79,0.4925,0.5,0.495,0.4975,0.6275,0.6625,1.0,0.9975,0.5075,0.5275,0.5225,0.53,0.6525,1.0,0.2798,0.0,0.0,0.0,0.0,0.0,0.0,0.0,0.0257,0.0909,0.0078,0.0144,0.0111,0.0104,0.1695,0.0003,0.0,0.0304,0.0073,0.0106,0.0084,0.0078,0.0436,0.0369,0.0,0.0,0.0175,0.0021,0.0037,0.0131,0.1006,0.0452,0.0,0.0079,0.0036,0.0027,0.0061,0.0111,0.0514,0.0976,0.0,0.0522,0.0044,0.0027,0.0045,0.0034,0.0396,0.0353,0.0,0.056,0.0008,0.0064,0.0074,0.0056,0.0146,0.0463,0.0,0.0152,0.0061,0.0023,0.0042,0.0044,0.1449,0.0998
2,2022-04-04T10:02:27.080547,0.665,1.0,1.0,1.0,1.0,1.0,1.0,1.0,0.875,1.0,0.5575,0.5525,0.57,0.515,0.6175,1.0,1.0,0.965,0.5625,0.5725,0.565,0.545,0.66,0.6925,1.0,1.0,0.5675,0.5725,0.55,0.5725,0.66,0.77,1.0,1.0,0.5525,0.5425,0.5325,0.535,0.6475,1.0,1.0,1.0,0.4975,0.49,0.475,0.485,1.0,0.6325,1.0,0.7775,0.4925,0.4975,0.495,0.5,0.605,0.755,1.0,1.0,0.5175,0.5275,0.5275,0.5375,0.5975,0.6475,0.1399,0.0,0.0,0.0,0.0,0.0,0.0,0.0,0.0391,0.1692,0.0076,0.0097,0.0118,0.0065,0.0897,0.0001,0.0,0.0327,0.0074,0.0053,0.0079,0.0052,0.0555,0.031,0.0,0.0,0.0088,0.006,0.0056,0.014,0.0616,0.0614,0.0,0.004,0.0056,0.0039,0.0043,0.0131,0.0482,0.1463,0.0,0.0261,0.0084,0.0051,0.0047,0.0042,0.216,0.0489,0.0,0.0342,0.0004,0.0044,0.0037,0.0041,0.0185,0.0694,0.0,0.0088,0.0081,0.0011,0.0046,0.0059,0.0999,0.2262
2,2022-04-04T10:02:27.336408,1.0,1.0,1.0,1.0,1.0,1.0,1.0,1.0,0.65,0.6875,0.56,0.565,0.565,0.525,0.585,1.0,1.0,0.855,0.575,0.5525,0.5675,0.5425,1.0,0.665,1.0,1.0,0.585,0.57,0.5625,0.56,1.0,1.0,1.0,1.0,0.5375,0.5325,0.53,0.525,0.6675,1.0,1.0,1.0,0.4975,0.475,0.4825,0.4925,0.6025,0.64,1.0,0.9325,0.4925,0.5,0.4925,0.5075,0.58,0.6575,1.0,1.0,0.5325,0.5275,0.5275,0.5325,0.6475,1.0,0.1187,0.0,0.0,0.0,0.0,0.0,0.0,0.2062,0.201,0.1985,0.005,0.0074,0.0173,0.006,0.3256,0.0,0.0,0.0894,0.0068,0.0101,0.0089,0.0025,0.1951,0.2521,0.0,0.0,0.0084,0.0096,0.0051,0.0073,0.1785,0.1472,0.0,0.001,0.0058,0.006,0.0036,0.0114,0.0296,0.0366,0.0,0.0065,0.0096,0.0063,0.0031,0.0029,0.1684,0.0422,0.0,0.0573,0.002,0.0055,0.0097,0.0041,0.0246,0.058,0.0,0.0022,0.007,0.0003,0.003,0.0065,0.0469,0.2609
2,2022-04-04T10:02:27.464499,1.0,1.0,1.0,1.0,1.0,1.0,1.0,1.0,0.84,0.7775,0.5575,0.5375,0.56,0.52,0.565,0.655,1.0,1.0,0.575,0.5575,0.5575,0.54,0.6575,0.72,1.0,1.0,0.585,0.5725,0.555,0.555,0.625,0.7775,1.0,1.0,0.5425,0.535,0.5325,0.525,0.66,1.0,1.0,1.0,0.4875,0.4825,0.48,0.49,0.5975,0.645,1.0,0.8575,0.495,0.505,0.4925,0.495,0.5775,1.0,1.0,1.0,0.5325,0.5275,0.5325,0.525,0.7375,1.0,0.0594,0.0,0.0,0.0,0.0,0.0,0.0,0.1031,0.1955,0.1443,0.0038,0.0175,0.0112,0.0055,0.1728,0.1725,0.0,0.1172,0.0034,0.0075,0.0094,0.0025,0.2688,0.1536,0.0,0.0,0.0042,0.0061,0.0063,0.0061,0.2768,0.1849,0.0,0.0005,0.0054,0.0042,0.003,0.0057,0.0185,0.0183,0.0,0.0033,0.0098,0.0069,0.0028,0.0027,0.0867,0.0236,0.0,0.0662,0.0022,0.0052,0.0048,0.0083,0.0136,0.2002,0.0,0.0011,0.0035,0.0001,0.004,0.007,0.0684,0.1305
2,2022-04-04T10:02:27.720213,1.0,1.0,1.0,1.0,1.0,0.525,1.0,1.0,1.0,1.0,0.5675,0.5525,0.5575,0.515,0.6125,1.0,1.0,1.0,0.59,0.56,0.5575,0.56,0.64,0.6825,1.0,1.0,0.58,0.5575,0.5525,0.555,0.685,1.0,1.0,1.0,0.525,0.52,0.52,0.53,0.675,1.0,1.0,0.6025,0.485,0.4775,0.475,0.495,0.605,0.68,1.0,0.8625,0.495,0.51,0.5,0.5175,0.6125,1.0,1.0,1.0,0.535,0.5325,0.525,0.5375,0.595,0.6575,0.0148,0.0,0.0,0.0,0.0,0.1206,0.0,0.0258,0.0889,0.1942,0.0172,0.0119,0.0147,0.0039,0.0657,0.205,0.0,0.1418,0.0084,0.0063,0.008,0.0081,0.0772,0.059,0.0,0.0,0.0117,0.0109,0.0047,0.0034,0.0861,0.2325,0.0,0.0001,0.0101,0.0086,0.0051,0.0033,0.0515,0.0046,0.0,0.1996,0.0131,0.0042,0.0051,0.0107,0.031,0.0172,0.0,0.0272,0.0024,0.0038,0.005,0.0133,0.0165,0.3182,0.0,0.0003,0.0015,0.0032,0.0035,0.0049,0.0596,0.2039
2,2022-04-04T10:02:27.851505,0.655,1.0,1.0,1.0,1.0,0.525,1.0,1.0,1.0,1.0,0.56,0.5525,0.555,0.525,0.6175,1.0,1.0,1.0,0.58,0.575,0.56,0.55,0.6575,1.0,1.0,1.0,0.58,0.57,0.555,0.5725,0.66,0.7025,1.0,1.0,0.525,0.5175,0.5175,0.515,0.67,1.0,1.0,0.58,0.49,0.4875,0.4775,0.495,0.6225,0.725,1.0,0.7775,0.4975,0.515,0.5025,0.505,1.0,0.67,1.0,0.9975,0.5325,0.5325,0.535,0.54,0.6125,0.63,0.1799,0.0,0.0,0.0,0.0,0.0603,0.0,0.0129,0.0444,0.0971,0.0123,0.0059,0.0086,0.0069,0.0353,0.1025,0.0,0.0709,0.0092,0.0106,0.0052,0.0091,0.0474,0.1883,0.0,0.0,0.0058,0.0117,0.0036,0.0105,0.0555,0.265,0.0,0.0001,0.005,0.0055,0.0038,0.0091,0.0283,0.0023,0.0,0.111,0.009,0.0071,0.0038,0.0053,0.0243,0.0311,0.0,0.0561,0.0025,0.0044,0.0037,0.0129,0.202,0.3241,0.0,0.0014,0.002,0.0016,0.0068,0.0037,0.0386,0.1157
2,2022-04-04T10:02:28.106420,1.0,1.0,1.0,0.56,1.0,0.525,1.0,1.0,0.8875,0.7525,0.555,0.565,0.555,0.53,0.605,0.69,1.0,1.0,0.58,0.57,0.5675,0.555,0.645,0.675,1.0,1.0,0.5875,0.575,0.5625,0.5775,1.0,0.71,1.0,1.0,0.5125,0.515,0.5175,0.5175,0.6475,1.0,1.0,0.6025,0.5,0.48,0.4825,0.4925,0.6225,0.6725,1.0,0.815,0.5025,0.5125,0.5125,0.5125,0.5925,0.6875,1.0,1.0,0.55,0.5375,0.5275,0.5275,1.0,1.0,0.2137,0.0,0.0,0.1119,0.0,0.0245,0.0,0.0032,0.0542,0.1199,0.0075,0.0052,0.0021,0.0067,0.027,0.1806,0.0,0.0177,0.0023,0.0039,0.0032,0.0073,0.0356,0.2096,0.0,0.0,0.0046,0.0073,0.0065,0.0045,0.1739,0.1244,0.0,0.0,0.0094,0.0045,0.0028,0.0092,0.0221,0.0006,0.0,0.0409,0.0073,0.0055,0.0053,0.0045,0.0286,0.0303,0.0,0.0534,0.0031,0.0042,0.0041,0.0057,0.158,0.0854,0.0,0.001,0.0068,0.0035,0.0048,0.0128,0.1065,0.1839
2,2022-04-04T10:02:28.233969,1.0,1.0,1.0,0.565,1.0,0.52,1.0,1.0,0.8875,0.7625,0.575,0.565,0.5575,0.5175,0.595,1.0,1.0,0.9025,0.5925,0.575,0.5675,0.555,0.6375,1.0,1.0,1.0,0.5825,0.57,0.555,0.555,1.0,0.665,1.0,1.0,0.53,0.52,0.515,0.5225,0.6525,1.0,1.0,0.5975,0.495,0.4875,0.4825,0.4875,0.605,0.6575,1.0,0.875,0.5,0.52,0.5075,0.52,0.5975,1.0,1.0,1.0,0.5475,0.5325,0.5225,0.54,0.6425,1.0,0.1069,0.0,0.0,0.0584,0.0,0.0147,0.0,0.0016,0.0271,0.0649,0.0137,0.0026,0.0023,0.0096,0.0185,0.2453,0.0,0.0576,0.0074,0.0045,0.0016,0.0036,0.0215,0.2673,0.0,0.0,0.0048,0.0061,0.007,0.0135,0.0869,0.0847,0.0,0.0,0.0134,0.0048,0.0027,0.0071,0.0135,0.0003,0.0,0.0229,0.0061,0.0065,0.0027,0.0047,0.023,0.0226,0.0,0.0567,0.0028,0.0059,0.0045,0.0066,0.0815,0.1989,0.0,0.0005,0.0046,0.0043,0.0049,0.0126,0.232,0.092
3,2022-04-04T10:02:29.254519,0.605,1.0,1.0,0.545,1.0,1.0,1.0,0.6125,0.6425,0.66,0.6275,0.53,0.545,0.505,0.48,1.0,0.975,1.0,0.6125,0.5375,0.5525,0.5175,0.5175,0.665,0.6625,0.545,0.6025,0.545,0.5475,0.545,1.0,0.65,1.0,0.545,0.5525,0.54,0.54,0.51,0.55,1.0,1.0,0.535,0.535,0.5375,0.5125,0.47,0.4825,0.645,1.0,0.5975,0.52,0.5325,0.49,0.4725,0.4875,0.6675,1.0,1.0,0.56,0.545,0.5275,0.52,0.57,1.0,0.1053,0.0,0.0,0.0106,0.0,0.0153,0.0436,0.2078,0.0555,0.0219,0.0797,0.0107,0.0076,0.0138,0.0081,0.1572,0.0125,0.2996,0.013,0.0119,0.0047,0.0063,0.0135,0.1618,0.0794,0.0215,0.0156,0.006,0.0057,0.009,0.2596,0.0325,0.0,0.0231,0.0054,0.0041,0.0041,0.0041,0.0218,0.0,0.0,0.0066,0.0024,0.0062,0.0039,0.0025,0.01,0.0119,0.0,0.0309,0.0021,0.0081,0.0035,0.0026,0.0128,0.0349,0.0,0.0,0.0082,0.0036,0.0092,0.0033,0.1171,0.0769
3,2022-04-04T10:02:29.382464,1.0,1.0,1.0,0.54,1.0,1.0,1.0,0.7025,0.705,0.645,1.0,0.5325,0.5625,0.515,0.48,1.0,1.0,0.595,0.59,0.5375,0.5625,0.5225,0.525,0.7225,0.59,0.54,0.585,0.5525,0.5475,0.535,0.5825,0.6575,0.78,0.5325,0.56,0.5475,0.54,0.5225,0.56,1.0,1.0,0.54,0.535,0.535,0.5025,0.475,0.49,0.6375,1.0,0.575,0.5225,0.535,0.49,0.475,0.4925,0.7225,1.0,1.0,0.5575,0.5475,0.525,0.5125,0.635,0.6075,0.2501,0.0,0.0,0.0078,0.0,0.0077,0.0218,0.1489,0.059,0.0184,0.2261,0.0066,0.0125,0.0119,0.004,0.0786,0.0187,0.3523,0.0177,0.0059,0.0074,0.0056,0.0105,0.1097,0.0759,0.0132,0.0165,0.0068,0.0028,0.0095,0.3385,0.02,0.11,0.0178,0.0064,0.0058,0.0021,0.0083,0.0159,0.0,0.0,0.0058,0.0012,0.0044,0.007,0.0037,0.0087,0.0097,0.0,0.0267,0.0023,0.0053,0.0017,0.0026,0.0089,0.0449,0.0,0.0,0.0054,0.003,0.0059,0.0054,0.0911,0.2347
3,2022-04-04T10:02:29.637636,0.6025,1.0,1.0,0.5525,1.0,1.0,1.0,1.0,0.625,0.6625,0.6075,0.5425,0.56,0.5175,0.4825,1.0,0.71,0.63,0.6,0.555,0.5625,0.5375,0.5225,0.6825,0.575,0.545,0.5875,0.5575,0.5625,0.55,0.58,0.665,0.6825,0.5475,0.5625,0.5475,0.54,0.51,0.565,1.0,1.0,0.5325,0.54,0.5475,0.515,0.4775,0.485,0.6175,1.0,0.585,0.5175,0.54,0.5025,0.48,0.5075,0.6225,1.0,1.0,0.5625,0.545,0.53,0.5225,0.63,1.0,0.2613,0.0,0.0,0.0063,0.0,0.0019,0.0054,0.1116,0.0716,0.2621,0.2528,0.0066,0.0038,0.013,0.011,0.0197,0.1497,0.1037,0.0088,0.009,0.0131,0.0083,0.0032,0.038,0.0265,0.0158,0.0073,0.0079,0.0076,0.008,0.0878,0.0313,0.0556,0.0101,0.0022,0.0014,0.008,0.0071,0.0052,0.0,0.0,0.0052,0.0084,0.0061,0.0049,0.0078,0.0066,0.0387,0.0,0.0092,0.0025,0.0032,0.0086,0.0075,0.0085,0.0744,0.0,0.0,0.0113,0.0039,0.0102,0.0113,0.0309,0.2543
3,2022-04-04T10:02:29.765172,0.6775,1.0,1.0,0.5425,1.0,1.0,1.0,1.0,0.8625,0.6975,0.6475,0.5375,0.5625,0.5325,0.495,0.6075,1.0,0.6125,0.595,0.545,0.575,0.545,0.53,0.655,0.56,0.545,0.5825,0.545,0.5525,0.55,0.58,0.705,0.76,0.5225,0.555,0.5525,0.545,0.515,0.545,1.0,1.0,0.525,0.535,0.55,0.5125,0.475,0.4875,0.6475,1.0,0.595,0.525,0.53,0.505,0.4825,0.5075,0.66,1.0,1.0,0.5625,0.5425,0.535,0.5275,0.6375,0.5975,0.1681,0.0,0.0,0.0082,0.0,0.001,0.0027,0.0558,0.1546,0.1486,0.1464,0.0058,0.0031,0.014,0.0118,0.2061,0.2198,0.0606,0.0069,0.0095,0.0128,0.0079,0.0054,0.0328,0.0207,0.0079,0.0061,0.0102,0.0088,0.004,0.0439,0.0356,0.0666,0.0175,0.0049,0.0032,0.0065,0.006,0.0126,0.0,0.0,0.0063,0.0067,0.0043,0.0037,0.0052,0.0045,0.0343,0.0,0.0096,0.005,0.0066,0.0055,0.005,0.0042,0.0559,0.0,0.0,0.0057,0.0032,0.0076,0.0082,0.0192,0.3284
3,2022-04-04T10:02:29.892378,1.0,1.0,1.0,0.5325,1.0,1.0,1.0,1.0,0.7875,1.0,0.64,0.5275,0.5575,0.5475,0.4975,1.0,0.9925,0.59,0.595,0.5475,0.5625,0.54,0.53,0.6825,0.575,0.5225,0.5875,0.5475,0.5575,0.5475,0.5875,0.59,0.7625,0.54,0.565,0.545,0.5425,0.52,0.5375,1.0,1.0,0.53,0.53,0.5425,0.5125,0.475,0.485,0.635,1.0,0.6125,0.5175,0.5375,0.5025,0.485,0.49,0.64,1.0,1.0,0.5725,0.54,0.5275,0.53,0.5925,0.655,0.2453,0.0,0.0,0.0091,0.0,0.0005,0.0014,0.0279,0.1148,0.2255,0.0769,0.0079,0.0041,0.0145,0.0071,0.2993,0.1137,0.0416,0.0035,0.006,0.0126,0.0064,0.0027,0.0301,0.0179,0.0152,0.0056,0.0064,0.0069,0.0032,0.0257,0.0753,0.0345,0.0175,0.0074,0.0054,0.0045,0.0055,0.0101,0.0,0.0,0.0057,0.0059,0.0059,0.0018,0.0026,0.0035,0.0234,0.0,0.0135,0.0062,0.0071,0.004,0.0038,0.0109,0.038,0.0,0.0,0.0078,0.0028,0.0076,0.0053,0.0321,0.193
3,2022-04-04T10:02:30.148479,0.6725,1.0,1.0,0.5375,1.0,1.0,0.52,1.0,0.6725,0.665,1.0,0.5375,0.56,0.535,0.4875,0.615,1.0,0.59,0.595,0.5425,0.555,0.535,0.515,0.6175,0.59,0.5375,0.5875,0.5475,0.545,0.545,1.0,1.0,0.8325,0.5275,0.56,0.55,0.545,0.5225,0.52,1.0,1.0,0.525,0.5225,0.5375,0.515,0.475,0.4825,0.595,1.0,0.62,0.5175,0.535,0.5025,0.4825,0.4925,0.7175,1.0,1.0,0.5675,0.54,0.5275,0.5225,0.595,1.0,0.2251,0.0,0.0,0.0041,0.0,0.0001,0.2403,0.007,0.0606,0.1408,0.2161,0.0101,0.0116,0.0074,0.0068,0.1842,0.0303,0.0123,0.0084,0.0027,0.0069,0.0041,0.0082,0.0332,0.0326,0.0094,0.0145,0.0016,0.0061,0.0033,0.2164,0.197,0.0311,0.01,0.0062,0.0057,0.0018,0.0083,0.0144,0.0,0.0,0.0064,0.009,0.004,0.0036,0.0025,0.0059,0.0271,0.0,0.0165,0.0016,0.003,0.001,0.0016,0.0052,0.047,0.0,0.0,0.0045,0.0082,0.0113,0.0051,0.3124,0.2451
3,2022-04-04T10:02:30.403380,1.0,1.0,1.0,0.5425,1.0,1.0,1.0,1.0,0.675,0.6625,1.0,0.53,0.535,0.55,0.49,0.545,1.0,0.5675,0.62,0.545,0.56,0.545,0.5225,0.65,0.575,0.52,0.59,0.555,0.5425,0.54,1.0,0.6875,1.0,0.5275,0.555,0.5475,0.545,0.51,0.5125,1.0,1.0,0.52,0.525,0.535,0.5175,0.48,0.475,0.605,1.0,0.6375,0.515,0.5275,0.5025,0.475,0.4825,0.6475,1.0,1.0,0.58,0.5475,0.54,0.53,1.0,1.0,0.1381,0.0,0.0,0.0029,0.0,0.0,0.1801,0.0017,0.0608,0.0789,0.054,0.0057,0.011,0.0075,0.0042,0.3698,0.0076,0.0106,0.0096,0.0057,0.0036,0.0042,0.0045,0.0177,0.0138,0.0105,0.0043,0.006,0.0065,0.0027,0.3822,0.1349,0.079,0.01,0.0103,0.0077,0.0023,0.0064,0.0205,0.0,0.0,0.0097,0.0029,0.006,0.0021,0.005,0.004,0.0205,0.0,0.0104,0.0029,0.0033,0.004,0.0023,0.0038,0.0311,0.0,0.0,0.0061,0.0058,0.0078,0.005,0.3012,0.35
3,2022-04-04T10:02:30.530898,0.665,1.0,1.0,1.0,0.5425,1.0,1.0,1.0,0.6325,1.0,0.6525,0.53,0.53,0.55,0.49,1.0,1.0,1.0,0.6,0.54,0.5525,0.5375,0.5225,0.665,0.57,0.525,0.585,0.5475,0.55,0.5375,0.5675,0.6675,1.0,0.53,0.5525,0.54,0.5475,0.5125,0.505,1.0,1.0,0.5325,0.5225,0.5375,0.52,0.4725,0.4725,0.635,1.0,0.65,0.52,0.53,0.505,0.475,0.49,0.6525,1.0,1.0,0.5825,0.5425,0.535,0.5225,0.605,1.0,0.2366,0.0,0.0,0.2302,0.2287,0.0,0.09,0.0009,0.0516,0.2082,0.2008,0.0028,0.008,0.0037,0.0021,0.4124,0.0038,0.2215,0.0148,0.0053,0.0056,0.0058,0.0023,0.0163,0.0094,0.0077,0.0046,0.0068,0.007,0.0026,0.4074,0.0774,0.0395,0.0063,0.0064,0.0076,0.0024,0.0045,0.014,0.0,0.0,0.0111,0.0027,0.0042,0.0023,0.0063,0.0032,0.0253,0.0,0.0114,0.0039,0.0029,0.0033,0.0011,0.0057,0.0181,0.0,0.0,0.0043,0.0054,0.0064,0.0063,0.3481,0.175
3,2022-04-04T10:02:30.658302,0.6125,1.0,1.0,0.5475,0.5325,1.0,1.0,1.0,0.6575,0.64,1.0,0.5325,0.535,0.55,0.4925,0.55,1.0,0.5675,0.6,0.545,0.5525,0.5375,0.515,0.665,0.5825,0.53,0.6075,0.55,0.5475,0.535,0.55,0.66,0.935,0.53,0.55,0.545,0.545,0.51,0.5075,1.0,1.0,0.5275,0.5275,0.5325,0.515,0.4725,0.48,0.6425,1.0,0.64,0.5175,0.53,0.5075,0.475,0.475,0.6375,1.0,1.0,0.57,0.5425,0.5325,0.52,0.5725,0.575,0.1445,0.0,0.0,0.3414,0.1194,0.0,0.045,0.0004,0.0383,0.2841,0.2741,0.0027,0.0065,0.0019,0.0023,0.4312,0.0019,0.327,0.0074,0.0052,0.0028,0.0029,0.0049,0.0082,0.0109,0.0064,0.0136,0.0046,0.0048,0.0026,0.2124,0.0425,0.0523,0.0031,0.0045,0.0063,0.0025,0.0035,0.0082,0.0,0.0,0.0081,0.0038,0.0046,0.0037,0.0031,0.0054,0.0164,0.0,0.0107,0.0032,0.0014,0.0029,0.0006,0.0103,0.0165,0.0,0.0,0.0084,0.0027,0.0045,0.0044,0.1903,0.3
3,2022-04-04T10:02:30.947886,0.7225,1.0,1.0,0.5375,0.5325,1.0,1.0,1.0,0.6425,1.0,0.615,0.5275,0.545,0.54,0.485,0.5325,1.0,0.57,0.6275,0.5475,0.5375,0.54,0.5125,0.655,0.5675,0.53,0.5925,0.5425,0.5475,0.5375,0.56,0.6475,0.9525,0.5225,0.5475,0.5375,0.545,0.51,0.5025,1.0,1.0,0.5225,0.525,0.5375,0.525,0.48,0.4675,0.625,1.0,0.6475,0.51,0.53,0.505,0.48,0.4775,0.6075,1.0,1.0,0.575,0.545,0.54,0.5175,0.61,1.0,0.2718,0.0,0.0,0.0878,0.0336,0.0,0.0113,0.0001,0.019,0.161,0.261,0.0069,0.0066,0.0042,0.0037,0.114,0.0005,0.4049,0.0212,0.0044,0.0069,0.0057,0.0025,0.2583,0.0071,0.0091,0.0146,0.0043,0.0031,0.0038,0.0569,0.0512,0.0531,0.0027,0.0092,0.0041,0.0006,0.0009,0.0089,0.0,0.0,0.0051,0.0022,0.0043,0.0078,0.0102,0.0063,0.0347,0.0,0.0052,0.0039,0.006,0.0038,0.0026,0.0088,0.0341,0.0,0.0,0.0052,0.0013,0.0067,0.0061,0.0626,0.2775
4,2022-04-04T10:02:32.027394,0.69,1.0,0.5125,1.0,0.54,1.0,1.0,1.0,0.67,0.54,0.52,0.5375,0.54,0.52,0.5425,0.625,1.0,0.58,0.525,0.5275,0.5525,0.545,0.55,0.6475,1.0,1.0,0.515,0.5325,0.55,0.55,0.53,0.5875,1.0,1.0,0.515,0.535,0.535,0.53,0.53,1.0,1.0,0.52,0.5175,0.525,0.5225,0.5125,0.55,0.6525,1.0,0.5475,0.4975,0.5225,0.5175,0.5025,0.585,0.6675,1.0,0.86,0.515,0.5175,0.51,0.5125,0.6275,0.6075,0.0877,0.0,0.0341,0.031,0.04,0.0462,0.0364,0.0,0.0814,0.0465,0.0308,0.0119,0.0052,0.0096,0.0115,0.1879,0.0164,0.0268,0.0064,0.0118,0.0052,0.0084,0.0091,0.0287,0.0159,0.1074,0.0059,0.0035,0.0063,0.0034,0.0035,0.2142,0.0164,0.3924,0.0062,0.0047,0.0026,0.0032,0.0106,0.0,0.0,0.014,0.005,0.0024,0.0093,0.0034,0.0065,0.0099,0.0,0.0261,0.0052,0.0021,0.0057,0.006,0.0152,0.0178,0.0,0.0328,0.0059,0.0033,0.0031,0.0035,0.1739,0.1046
4,2022-04-04T10:02:32.282181,0.6625,1.0,0.5175,1.0,0.525,1.0,1.0,0.5975,0.7525,0.5425,0.5225,0.5575,0.5375,0.5275,0.54,0.64,1.0,0.6125,0.53,0.545,0.545,0.55,0.545,0.64,1.0,1.0,0.5225,0.5275,0.55,0.545,0.535,0.5625,1.0,1.0,0.51,0.525,0.545,0.5325,0.535,1.0,1.0,0.53,0.5125,0.53,0.525,0.5125,0.53,0.6425,1.0,0.57,0.505,0.52,0.5125,0.5075,0.565,0.575,1.0,0.915,0.5125,0.52,0.5125,0.5175,0.6175,0.5375,0.0363,0.0,0.011,0.0078,0.0213,0.0115,0.0091,0.2013,0.0485,0.0141,0.0127,0.0136,0.01,0.0043,0.0041,0.0582,0.0041,0.0398,0.0035,0.0092,0.0051,0.0033,0.011,0.0297,0.004,0.0269,0.004,0.0021,0.0016,0.0052,0.0071,0.0648,0.0041,0.0981,0.0097,0.0062,0.0044,0.0014,0.0058,0.0,0.0,0.0079,0.0031,0.0037,0.0048,0.0065,0.0098,0.0068,0.0,0.0178,0.0044,0.0074,0.0039,0.0027,0.0194,0.0463,0.0,0.0295,0.004,0.0033,0.007,0.0021,0.0479,0.3555
4,2022-04-04T10:02:32.410355,0.6325,1.0,0.52,1.0,0.5375,1.0,1.0,1.0,0.66,0.5625,0.52,0.56,0.5425,0.54,0.5425,0.6125,1.0,1.0,0.54,0.545,0.5525,0.55,0.545,0.6125,1.0,1.0,0.535,0.5225,0.5525,0.5475,0.5275,0.565,1.0,0.62,0.5175,0.525,0.545,0.5475,0.5375,0.6375,1.0,0.5225,0.5175,0.5275,0.525,0.525,0.5325,0.64,1.0,0.59,0.4975,0.5225,0.515,0.5075,0.58,0.64,1.0,0.955,0.5175,0.5225,0.515,0.5325,0.57,1.0,0.0332,0.0,0.0068,0.0039,0.0169,0.0058,0.0045,0.3019,0.0705,0.0171,0.0076,0.008,0.0075,0.0084,0.0033,0.0429,0.0021,0.2137,0.0067,0.0046,0.0063,0.0017,0.0055,0.0286,0.002,0.0134,0.0082,0.0036,0.002,0.0039,0.0073,0.0337,0.002,0.2391,0.0086,0.0031,0.0022,0.0082,0.0041,0.1813,0.0,0.0077,0.0041,0.0031,0.0024,0.0095,0.0061,0.0047,0.0,0.0189,0.006,0.005,0.0032,0.0014,0.0172,0.0557,0.0,0.0347,0.0045,0.0029,0.0048,0.0086,0.0477,0.409
4,2022-04-04T10:02:32.664411,0.6375,1.0,0.5275,1.0,0.535,1.0,1.0,1.0,0.655,0.575,0.525,0.555,0.5425,0.5275,0.52,0.6625,1.0,0.605,0.5225,0.5375,0.555,0.545,0.5375,0.625,1.0,1.0,0.5225,0.53,0.555,0.5525,0.525,0.57,1.0,1.0,0.52,0.5325,0.54,0.5375,0.5375,1.0,1.0,0.5375,0.5075,0.53,0.525,0.52,0.54,0.59,1.0,0.5725,0.495,0.5175,0.515,0.51,0.5975,0.635,1.0,0.9575,0.5275,0.525,0.51,0.5125,0.6125,0.62,0.0452,0.0,0.0048,0.001,0.0086,0.0014,0.0011,0.3586,0.0464,0.0186,0.0069,0.0033,0.0075,0.0077,0.0083,0.0276,0.0005,0.2509,0.0098,0.0087,0.0028,0.0054,0.0033,0.0159,0.0005,0.0034,0.0064,0.0065,0.0055,0.0053,0.0106,0.0203,0.0005,0.2498,0.0053,0.0039,0.0031,0.0064,0.0048,0.1359,0.0,0.0063,0.0054,0.0039,0.0025,0.0036,0.0072,0.0243,0.0,0.0116,0.0065,0.0075,0.0064,0.0047,0.0168,0.0339,0.0,0.0262,0.008,0.0014,0.0074,0.0103,0.0282,0.1991
4,2022-04-04T10:02:32.792285,0.6125,1.0,0.5175,1.0,0.5325,1.0,1.0,0.625,0.7125,1.0,0.52,0.5525,0.535,0.52,0.525,1.0,1.0,0.6025,0.5375,0.555,0.5425,0.535,0.52,0.64,1.0,1.0,0.52,0.5325,0.5475,0.5525,0.5225,0.585,1.0,1.0,0.5175,0.5275,0.54,0.5325,0.5375,1.0,1.0,0.53,0.515,0.53,0.525,0.515,0.525,0.6475,1.0,0.57,0.5025,0.53,0.5175,0.505,0.5575,0.61,1.0,0.9425,0.5075,0.52,0.51,0.52,0.6225,1.0,0.0351,0.0,0.0074,0.0005,0.0055,0.0007,0.0006,0.3668,0.0519,0.2218,0.0059,0.0029,0.0075,0.0076,0.0067,0.1825,0.0003,0.1267,0.0124,0.0131,0.0077,0.0077,0.0104,0.0154,0.0002,0.0017,0.0045,0.0045,0.0065,0.0027,0.0065,0.0176,0.0003,0.1249,0.0039,0.0044,0.0015,0.0057,0.0024,0.068,0.0,0.0069,0.0064,0.002,0.0012,0.0043,0.0111,0.0409,0.0,0.007,0.007,0.01,0.0045,0.0049,0.0284,0.0295,0.0,0.0206,0.014,0.0032,0.0037,0.0089,0.0191,0.2896
4,2022-04-04T10:02:33.047481,0.6075,1.0,0.5275,1.0,0.5175,1.0,1.0,0.6225,0.735,0.57,0.5225,0.5525,0.5425,0.525,0.53,0.625,1.0,0.6075,0.54,0.5475,0.5425,0.5325,0.535,0.6225,1.0,1.0,0.515,0.53,0.545,0.54,0.5225,0.57,1.0,1.0,0.52,0.54,0.5425,0.5325,0.525,1.0,1.0,0.5375,0.51,0.5325,0.52,0.52,0.5575,0.5925,1.0,0.5775,0.5,0.5225,0.5125,0.5125,0.585,0.62,1.0,0.9225,0.52,0.5225,0.5075,0.515,0.6075,1.0,0.0175,0.0,0.0062,0.0001,0.0089,0.0002,0.0001,0.3742,0.0392,0.1698,0.0046,0.0101,0.0075,0.0038,0.0042,0.1438,0.0001,0.0379,0.0037,0.0058,0.0075,0.0063,0.0101,0.2826,0.0001,0.0004,0.0111,0.0024,0.0048,0.0044,0.0054,0.0088,0.0001,0.0312,0.0041,0.0074,0.0029,0.0033,0.0043,0.017,0.0,0.0148,0.0041,0.0036,0.0028,0.0036,0.0115,0.0396,0.0,0.0149,0.0049,0.0062,0.0024,0.005,0.0252,0.0455,0.0,0.0226,0.0066,0.0052,0.0041,0.0178,0.0198,0.0724
4,2022-04-04T10:02:33.300960,0.605,1.0,0.5175,1.0,0.525,1.0,1.0,0.6675,0.6725,0.575,0.53,0.5525,0.5425,0.5175,0.525,1.0,1.0,0.6125,0.545,0.5525,0.55,0.53,0.5375,0.6375,1.0,1.0,0.52,0.5325,0.55,0.5475,0.525,0.5725,1.0,1.0,0.515,0.535,0.5325,0.535,0.54,1.0,1.0,0.52,0.5225,0.53,0.5275,0.5225,0.54,0.6275,1.0,0.565,0.4975,0.5325,0.5125,0.5025,1.0,0.665,1.0,0.9275,0.525,0.5225,0.505,0.52,0.635,0.645,0.0469,0.0,0.0041,0.0,0.006,0.0,0.0,0.3542,0.0329,0.0493,0.0068,0.0025,0.0038,0.0084,0.0079,0.2253,0.0,0.0157,0.0028,0.0039,0.0094,0.0066,0.005,0.1025,0.0,0.2251,0.0047,0.0018,0.0037,0.0042,0.0026,0.0034,0.0,0.0078,0.0035,0.0068,0.0051,0.004,0.0123,0.0042,0.0,0.0118,0.0054,0.0022,0.0032,0.0015,0.0079,0.0211,0.0,0.0087,0.0043,0.0059,0.0025,0.0044,0.2138,0.0245,0.0,0.0238,0.006,0.0032,0.006,0.0076,0.0287,0.1956
4,2022-04-04T10:02:33.428121,0.61,1.0,0.5175,1.0,0.5275,1.0,1.0,0.615,0.755,1.0,0.5275,0.55,0.5375,0.525,0.5175,0.63,1.0,0.625,0.54,0.54,0.5525,0.535,0.5225,0.6325,1.0,1.0,0.5175,0.5275,0.55,0.5425,0.53,0.5775,1.0,1.0,0.5225,0.5375,0.545,0.5325,0.515,1.0,1.0,0.53,0.515,0.5225,0.525,0.52,0.545,0.635,1.0,0.565,0.5025,0.5275,0.52,0.51,0.615,0.6175,1.0,0.95,0.5175,0.535,0.5125,0.535,0.59,1.0,0.0259,0.0,0.002,0.0,0.0042,0.0,0.0,0.2033,0.0577,0.2372,0.0046,0.0025,0.0044,0.008,0.0077,0.2977,0.0,0.0141,0.0039,0.0082,0.0059,0.0058,0.01,0.0538,0.0,0.1126,0.0036,0.0034,0.0018,0.0046,0.0038,0.0042,0.0,0.0039,0.0055,0.0047,0.0088,0.0032,0.0187,0.0021,0.0,0.0109,0.0065,0.0048,0.0029,0.002,0.0064,0.0143,0.0,0.0044,0.0047,0.0055,0.005,0.0059,0.2994,0.036,0.0,0.0231,0.0068,0.0078,0.0068,0.0113,0.0368,0.2753
4,2022-04-04T10:02:33.681350,0.67,1.0,0.52,1.0,0.525,1.0,1.0,1.0,0.6425,0.585,0.5325,0.545,0.5375,0.53,0.525,1.0,1.0,0.645,0.54,0.545,0.5525,0.5325,0.5225,0.6175,1.0,1.0,0.52,0.5325,0.545,0.54,0.5375,1.0,1.0,1.0,0.52,0.5325,0.5425,0.535,0.5275,0.65,1.0,0.535,0.515,0.535,0.5275,0.5125,0.5475,0.6475,1.0,0.595,0.5025,0.525,0.51,0.5025,0.5875,0.7175,1.0,0.9725,0.5275,0.53,0.52,0.5275,1.0,0.5875,0.0496,0.0,0.003,0.0,0.0023,0.0,0.0,0.1471,0.0626,0.1649,0.013,0.0144,0.0011,0.0051,0.0057,0.1669,0.0,0.0254,0.0047,0.0033,0.0034,0.0039,0.0119,0.0228,0.0,0.0281,0.0034,0.004,0.0067,0.0037,0.0028,0.2236,0.0,0.001,0.002,0.0037,0.0047,0.0058,0.009,0.1755,0.0,0.0052,0.0054,0.0043,0.0013,0.003,0.0029,0.0155,0.0,0.0142,0.003,0.0064,0.0044,0.0046,0.0949,0.0609,0.0,0.047,0.0042,0.007,0.0054,0.0047,0.1923,0.1794
4,2022-04-04T10:02:33.935390,1.0,1.0,0.5275,1.0,0.525,1.0,1.0,1.0,0.7225,0.6225,0.5275,0.545,0.53,0.52,0.5225,0.6525,1.0,0.6575,0.5375,0.5425,0.545,0.5375,0.5375,0.6125,1.0,1.0,0.52,0.5275,0.5475,0.5425,0.525,0.56,1.0,1.0,0.515,0.535,0.535,0.5325,0.53,1.0,1.0,0.5275,0.52,0.53,0.5275,0.5175,0.54,0.64,1.0,0.5625,0.505,0.53,0.515,0.51,0.595,0.6675,1.0,0.98,0.53,0.5275,0.5125,0.525,0.64,1.0,0.0949,0.0,0.0045,0.0,0.0025,0.0,0.0,0.0368,0.0594,0.0562,0.0058,0.0055,0.0034,0.0044,0.0027,0.1392,0.0,0.0151,0.0024,0.0015,0.0065,0.0116,0.0098,0.0101,0.0,0.007,0.0008,0.0022,0.0042,0.0034,0.0038,0.1678,0.0,0.0002,0.0024,0.004,0.0043,0.0046,0.0029,0.2189,0.0,0.0107,0.0038,0.0061,0.0003,0.0039,0.0045,0.007,0.0,0.0154,0.002,0.0097,0.008,0.0043,0.035,0.2521,0.0,0.0193,0.0098,0.0042,0.0039,0.0037,0.1468,0.148
5,2022-04-04T10:02:35.194566,1.0,1.0,1.0,0.5175,1.0,0.5175,1.0,1.0,0.6725,0.6375,0.55,0.54,0.5525,0.53,0.52,1.0,1.0,1.0,0.5725,0.5475,0.5525,0.5475,0.535,0.5375,0.5575,0.525,0.5675,0.55,0.5525,0.555,0.535,0.525,0.705,0.53,0.555,0.5425,0.5425,0.535,0.535,0.5525,1.0,0.5225,0.5275,0.5375,0.5325,0.5175,0.5225,0.6325,1.0,0.605,0.52,0.5325,0.535,0.5175,0.535,0.6575,1.0,1.0,0.585,0.535,0.5325,0.5225,0.6425,1.0,0.2204,0.0,0.0302,0.022,0.1173,0.0182,0.0,0.151,0.0278,0.0559,0.0035,0.0032,0.0036,0.0045,0.0098,0.057,0.1566,0.3624,0.0096,0.0058,0.0055,0.0068,0.0081,0.0171,0.0527,0.0232,0.0063,0.0076,0.0034,0.0066,0.0055,0.0071,0.0944,0.0226,0.0064,0.003,0.0048,0.0025,0.0053,0.1148,0.0,0.0087,0.009,0.0021,0.0043,0.0083,0.0022,0.0104,0.0,0.0194,0.0028,0.0046,0.008,0.0032,0.1112,0.0212,0.0,0.0016,0.011,0.0041,0.0052,0.0082,0.0238,0.3041
5,2022-04-04T10:02:35.336108,1.0,1.0,1.0,0.52,1.0,0.5275,1.0,1.0,0.665,0.65,0.565,0.54,0.55,0.5325,0.5175,0.6,0.8075,0.585,0.58,0.55,0.5575,0.5475,0.53,0.5575,0.5525,0.52,0.5725,0.5475,0.555,0.545,0.5475,0.535,0.715,0.5275,0.55,0.545,0.545,0.5475,0.525,0.545,1.0,0.5225,0.5375,0.5425,0.5325,0.525,0.5225,0.6275,1.0,0.6125,0.52,0.5375,0.53,0.515,0.535,0.615,1.0,1.0,0.5675,0.5425,0.5375,0.5225,1.0,1.0,0.1102,0.0,0.0151,0.0122,0.0587,0.0141,0.0,0.0755,0.0177,0.0342,0.0092,0.0016,0.0031,0.0035,0.0062,0.2285,0.1745,0.3887,0.0086,0.0041,0.0053,0.0034,0.0066,0.0185,0.0288,0.0141,0.0056,0.005,0.003,0.0083,0.009,0.0086,0.0522,0.0125,0.0057,0.0028,0.0037,0.0075,0.0077,0.0612,0.0,0.0043,0.0095,0.0035,0.0021,0.0079,0.0011,0.0077,0.0,0.0134,0.0014,0.0048,0.0065,0.0028,0.0556,0.0319,0.0,0.0008,0.0143,0.0058,0.0051,0.0041,0.1907,0.152
5,2022-04-04T10:02:35.468447,1.0,1.0,1.0,0.5275,1.0,0.5175,1.0,1.0,0.7275,1.0,1.0,0.5325,0.55,0.5275,0.52,0.6275,0.9025,0.615,0.565,0.55,0.55,0.5475,0.5325,1.0,0.5275,0.53,0.57,0.5475,0.5525,0.545,0.545,0.525,0.6275,0.54,0.5575,0.5375,0.545,0.5425,0.5375,0.5475,1.0,0.5275,0.535,0.54,0.535,0.5275,0.5375,0.6375,1.0,0.585,0.515,0.5375,0.5375,0.5125,0.525,0.625,1.0,1.0,0.56,0.5375,0.5275,0.5175,0.6575,0.6275,0.0551,0.0,0.0076,0.0099,0.0293,0.0121,0.0,0.0378,0.0401,0.1921,0.2221,0.0046,0.0015,0.0042,0.0043,0.128,0.1348,0.2094,0.0118,0.0021,0.0064,0.0017,0.0045,0.2305,0.0269,0.0121,0.0041,0.0025,0.0027,0.0041,0.0058,0.0093,0.0698,0.0125,0.0066,0.0051,0.0018,0.0062,0.0101,0.0318,0.0,0.0047,0.006,0.003,0.0023,0.0052,0.0081,0.0089,0.0,0.0205,0.0032,0.0024,0.007,0.0027,0.0328,0.0209,0.0,0.0004,0.0109,0.0054,0.0076,0.0046,0.2666,0.2623
5,2022-04-04T10:02:35.737280,0.58,1.0,1.0,0.5275,1.0,0.5175,1.0,1.0,0.6375,0.67,0.535,0.54,0.545,0.5325,0.5175,1.0,1.0,0.6525,0.5675,0.5525,0.55,0.555,0.5175,0.6025,0.5225,0.5375,0.5675,0.55,0.555,0.545,0.54,0.53,0.57,0.53,0.56,0.545,0.5425,0.5375,0.5375,1.0,1.0,0.515,0.535,0.5375,0.53,0.5225,0.5325,0.6275,1.0,0.56,0.515,0.5375,0.535,0.515,0.5375,0.66,1.0,1.0,0.55,0.54,0.525,0.525,0.6225,0.5625,0.2238,0.0,0.0019,0.0137,0.0073,0.018,0.0,0.0094,0.0794,0.138,0.1762,0.0036,0.0029,0.0073,0.0017,0.222,0.1481,0.0705,0.0042,0.0055,0.0091,0.0061,0.0061,0.1851,0.013,0.0068,0.0054,0.0031,0.0057,0.0029,0.0077,0.0104,0.0343,0.0075,0.0048,0.0032,0.0017,0.0059,0.0044,0.2361,0.0,0.0074,0.0034,0.0033,0.0025,0.0032,0.0051,0.0053,0.0,0.0145,0.0045,0.0062,0.0099,0.005,0.0132,0.269,0.0,0.0001,0.0071,0.0038,0.0031,0.0068,0.0779,0.0962
5,2022-04-04T10:02:35.868107,0.6525,1.0,1.0,0.5275,1.0,0.5175,1.0,0.6075,0.675,0.65,0.54,0.5375,0.5525,0.53,0.525,1.0,1.0,0.6,0.565,0.545,0.5525,0.5475,0.5175,0.5875,0.52,0.5375,0.57,0.5475,0.5525,0.5525,0.5375,0.5225,0.57,0.535,0.555,0.545,0.5425,0.535,0.5325,0.55,1.0,0.5325,0.535,0.55,0.5375,0.5275,0.5375,0.5925,1.0,0.5625,0.5175,0.5325,0.5325,0.5125,0.5325,0.655,1.0,1.0,0.555,0.545,0.5275,0.52,0.6325,0.63,0.1481,0.0,0.0009,0.0069,0.0037,0.009,0.0,0.201,0.0584,0.079,0.0906,0.0031,0.0052,0.0049,0.0046,0.111,0.074,0.0615,0.0033,0.0065,0.0058,0.0068,0.0031,0.1001,0.0077,0.0034,0.0039,0.0028,0.0041,0.0052,0.0051,0.009,0.0172,0.0063,0.0049,0.0016,0.0009,0.0042,0.0047,0.343,0.0,0.0125,0.0017,0.0079,0.005,0.0041,0.0051,0.0202,0.0,0.0085,0.0035,0.0056,0.0062,0.0038,0.0091,0.137,0.0,0.0,0.006,0.0044,0.0028,0.0059,0.0439,0.0818
5,2022-04-04T10:02:36.152628,0.5975,1.0,1.0,0.5425,1.0,0.5225,1.0,1.0,0.675,0.65,0.545,0.5375,0.54,0.53,0.52,0.62,0.655,0.66,0.5575,0.5475,0.55,0.545,0.525,0.5775,0.51,0.5425,0.5525,0.5575,0.5575,0.5525,0.5325,0.5425,0.56,0.5325,0.56,0.5475,0.5475,0.54,0.5375,0.5725,1.0,0.5375,0.5375,0.54,0.5375,0.5225,0.535,0.615,1.0,0.58,0.5225,0.545,0.5325,0.5175,0.555,0.6525,1.0,0.9875,0.55,0.5475,0.525,0.5225,0.625,0.62,0.0539,0.0,0.0002,0.008,0.0009,0.011,0.0,0.1484,0.0334,0.0441,0.0295,0.0008,0.0063,0.0012,0.008,0.124,0.191,0.0416,0.0033,0.0098,0.0083,0.0061,0.012,0.0338,0.0088,0.0058,0.0135,0.0038,0.0029,0.0032,0.0094,0.0085,0.0093,0.0084,0.0075,0.0035,0.0015,0.0042,0.0037,0.412,0.0,0.0094,0.001,0.0045,0.0012,0.0035,0.0056,0.0238,0.0,0.0109,0.0028,0.0058,0.0015,0.0028,0.021,0.0461,0.0,0.0063,0.0028,0.0024,0.002,0.0096,0.2904,0.0623
5,2022-04-04T10:02:36.290502,1.0,1.0,1.0,0.5325,1.0,0.52,1.0,1.0,0.7175,1.0,0.54,0.5375,0.545,0.5225,0.51,0.66,1.0,1.0,0.565,0.555,0.545,0.545,0.5325,0.6,0.52,0.56,0.565,0.555,0.55,0.555,0.525,0.54,0.5525,0.535,0.56,0.545,0.5475,0.5475,0.5375,1.0,0.9875,0.5275,0.545,0.54,0.5275,0.5275,0.545,0.625,1.0,0.5625,0.5225,0.54,0.5275,0.51,0.5525,0.6125,1.0,0.975,0.5525,0.54,0.525,0.535,0.605,1.0,0.2282,0.0,0.0001,0.009,0.0005,0.0068,0.0,0.0742,0.0379,0.1971,0.0173,0.0004,0.0056,0.0044,0.009,0.082,0.268,0.1908,0.0054,0.0086,0.0067,0.003,0.0098,0.0281,0.0094,0.0117,0.013,0.0032,0.0052,0.0028,0.0084,0.0055,0.0084,0.0055,0.0037,0.003,0.0007,0.0058,0.0018,0.4198,0.0062,0.0097,0.0043,0.0022,0.0056,0.0043,0.0078,0.0169,0.0,0.0142,0.0014,0.0054,0.0033,0.0052,0.0118,0.0431,0.0,0.0094,0.0026,0.0049,0.001,0.011,0.1552,0.2212
5,2022-04-04T10:02:36.418168,0.605,1.0,1.0,0.54,1.0,0.525,1.0,1.0,0.6525,0.6475,0.545,0.5425,0.54,0.5375,0.5225,1.0,1.0,0.69,0.565,0.555,0.5575,0.545,0.5325,0.58,0.5025,0.56,0.555,0.555,0.555,0.56,0.5375,0.535,0.5425,0.53,0.555,0.5525,0.545,0.5375,0.5375,1.0,0.8975,0.53,0.54,0.54,0.54,0.53,0.54,0.64,1.0,0.57,0.5275,0.5475,0.525,0.5175,0.5525,0.65,1.0,0.985,0.56,0.54,0.525,0.5325,0.6225,1.0,0.3116,0.0,0.0001,0.0082,0.0002,0.0059,0.0,0.0371,0.0515,0.2748,0.0111,0.0027,0.0053,0.0097,0.0108,0.211,0.134,0.2504,0.0027,0.0043,0.0096,0.0015,0.0049,0.0241,0.0135,0.0058,0.0115,0.0016,0.0051,0.0039,0.0105,0.0052,0.0092,0.0052,0.0044,0.0053,0.0016,0.0079,0.0009,0.2099,0.0481,0.0061,0.0046,0.0011,0.0091,0.0034,0.0064,0.0159,0.0,0.0108,0.0032,0.0064,0.0029,0.0063,0.0059,0.0403,0.0,0.0097,0.0051,0.0025,0.0005,0.0068,0.0863,0.1106
5,2022-04-04T10:02:36.684536,0.5925,1.0,1.0,0.5375,1.0,0.5325,1.0,1.0,1.0,0.665,0.5425,0.53,0.545,0.5275,0.5275,0.6275,0.665,1.0,0.555,0.545,0.555,0.5425,0.535,1.0,0.5175,0.55,0.56,0.555,0.5575,0.55,0.54,0.5425,0.55,0.5375,0.5625,0.55,0.545,0.54,0.53,1.0,1.0,0.53,0.545,0.5475,0.535,0.5275,0.545,0.59,1.0,0.565,0.5225,0.545,0.5375,0.5225,0.56,1.0,1.0,0.995,0.55,0.5425,0.5325,0.525,0.59,0.615,0.1348,0.0,0.0,0.0083,0.0001,0.0071,0.0,0.0093,0.1822,0.0749,0.0053,0.0057,0.0026,0.0068,0.0071,0.239,0.201,0.2089,0.0051,0.0117,0.0049,0.0048,0.0025,0.2079,0.009,0.0046,0.0054,0.006,0.0056,0.0041,0.0114,0.0088,0.0079,0.0051,0.0086,0.0057,0.0042,0.0064,0.004,0.0525,0.0552,0.0034,0.003,0.0034,0.0035,0.004,0.0041,0.059,0.0,0.0096,0.0027,0.0022,0.0045,0.0028,0.0127,0.1819,0.0,0.0087,0.005,0.0037,0.0039,0.0042,0.0472,0.1301
5,2022-04-04T10:02:36.811962,0.62,1.0,1.0,0.535,1.0,0.53,1.0,1.0,0.6725,0.66,0.5475,0.5425,0.54,0.535,0.5175,1.0,1.0,0.6725,0.5525,0.5575,0.5575,0.55,0.53,0.5975,0.5075,0.5525,0.555,0.5475,0.5575,0.5575,0.545,0.54,0.535,0.535,0.555,0.5525,0.545,0.5375,0.53,1.0,0.9175,0.5275,0.535,0.5425,0.5325,0.52,0.535,0.6025,1.0,0.5475,0.525,0.545,0.535,0.52,0.5525,0.65,1.0,0.9975,0.5625,0.545,0.525,0.5425,1.0,1.0,0.0811,0.0,0.0,0.0054,0.0,0.0048,0.0,0.0046,0.2549,0.04,0.0051,0.0091,0.0038,0.0071,0.0085,0.3058,0.268,0.2682,0.0038,0.0121,0.0037,0.0061,0.0037,0.3052,0.0095,0.0035,0.0052,0.0068,0.0028,0.0058,0.0082,0.0057,0.0115,0.0038,0.008,0.0041,0.0021,0.0044,0.002,0.0262,0.0688,0.0029,0.0065,0.0042,0.003,0.0057,0.0071,0.0357,0.0,0.0135,0.0026,0.0011,0.0035,0.0027,0.0101,0.266,0.0,0.0056,0.0088,0.0031,0.0057,0.0108,0.2286,0.2576
6,2022-04-04T10:02:38.919432,0.6025,1.0,0.5575,1.0,0.5425,1.0,1.0,0.6275,0.7025,0.6425,0.5375,0.54,0.5325,0.5275,0.5025,0.7,1.0,0.72,0.565,0.555,0.5475,0.5,0.51,0.6375,1.0,0.9875,0.56,0.56,0.54,0.5175,0.5525,1.0,1.0,0.745,0.5425,0.525,0.51,0.4975,0.6275,0.65,1.0,1.0,0.4725,0.4625,0.46,0.485,0.5975,0.6875,1.0,0.6575,0.4825,0.5075,0.5125,0.5175,0.6175,0.61,1.0,0.9675,0.5,0.525,0.5325,0.5425,0.565,0.625,0.0544,0.0,0.2212,0.0038,0.0115,0.0019,0.0,0.1863,0.0901,0.0301,0.0189,0.01,0.0122,0.0178,0.0132,0.2176,0.0,0.1814,0.0058,0.0135,0.0091,0.019,0.003,0.0195,0.0005,0.0068,0.0066,0.0034,0.008,0.0104,0.0182,0.1794,0.0004,0.1318,0.017,0.0089,0.0133,0.01,0.0401,0.1755,0.0,0.0253,0.0199,0.0086,0.0095,0.0053,0.0296,0.0286,0.0,0.1854,0.008,0.0083,0.0038,0.0045,0.0217,0.0718,0.0,0.018,0.0098,0.0047,0.0024,0.0046,0.1802,0.2468
6,2022-04-04T10:02:39.176473,1.0,1.0,0.5425,0.5225,0.5325,1.0,1.0,1.0,1.0,0.5575,0.545,0.54,0.5325,0.4975,0.5325,1.0,1.0,0.59,0.5525,0.55,0.525,0.49,0.5725,0.655,1.0,1.0,0.5575,0.5525,0.51,0.5075,1.0,0.6825,1.0,1.0,0.525,0.4975,0.485,0.5025,0.67,1.0,1.0,0.4825,0.45,0.4675,0.475,0.515,0.66,0.61,1.0,0.5225,0.4775,0.52,0.5125,0.525,0.6475,0.65,1.0,0.7725,0.495,0.5175,0.52,1.0,0.65,0.66,0.2105,0.0,0.0647,0.1247,0.0054,0.0005,0.0,0.1397,0.0969,0.0319,0.0079,0.0063,0.0068,0.0132,0.0152,0.1994,0.0,0.0822,0.0071,0.0103,0.0085,0.0079,0.0251,0.0786,0.0001,0.0048,0.0098,0.0046,0.0107,0.0057,0.2133,0.1355,0.0001,0.0967,0.0093,0.0116,0.0152,0.0088,0.0557,0.1314,0.0,0.1432,0.0125,0.0065,0.0061,0.0113,0.0361,0.029,0.0,0.0832,0.0089,0.0064,0.0028,0.0068,0.0223,0.2905,0.0,0.0551,0.0043,0.0068,0.005,0.1155,0.0769,0.3255
6,2022-04-04T10:02:39.304440,0.6025,1.0,0.5275,0.5225,0.53,1.0,1.0,1.0,0.68,0.56,0.54,0.525,0.5175,0.4875,1.0,1.0,1.0,0.5625,0.5475,0.5375,0.5175,0.485,0.58,0.6625,1.0,1.0,0.535,0.5425,0.5125,0.5025,1.0,0.68,1.0,0.5875,0.52,0.5,0.485,0.505,0.6225,1.0,1.0,0.48,0.45,0.465,0.4725,0.5025,0.6625,0.615,1.0,0.4925,0.4775,0.52,0.505,0.5325,0.635,0.6275,1.0,0.69,0.495,0.525,0.5125,1.0,0.6025,0.6475,0.304,0.0,0.0398,0.0623,0.0039,0.0002,0.0,0.0699,0.2085,0.0172,0.0064,0.0106,0.0109,0.0116,0.2413,0.0997,0.0,0.0549,0.006,0.0114,0.008,0.0064,0.0163,0.0431,0.0001,0.0024,0.0161,0.0073,0.0066,0.0054,0.1066,0.069,0.0001,0.2546,0.0071,0.0071,0.0076,0.0056,0.0516,0.0657,0.0,0.0728,0.0062,0.0045,0.0043,0.0119,0.0193,0.017,0.0,0.0566,0.0044,0.0032,0.0052,0.0071,0.0174,0.1565,0.0,0.0688,0.0022,0.0072,0.0062,0.0578,0.0622,0.169
6,2022-04-04T10:02:39.559539,0.6275,1.0,0.5375,0.53,0.5275,1.0,1.0,1.0,0.775,0.5525,0.54,0.5225,0.52,0.49,0.5375,1.0,1.0,0.5775,0.5475,0.5325,0.51,0.48,0.5875,0.6375,1.0,1.0,0.5425,0.54,0.505,0.4975,1.0,0.6875,1.0,1.0,0.4975,0.48,0.48,0.5,0.645,1.0,1.0,0.4775,0.45,0.4675,0.47,0.515,0.62,0.67,1.0,0.5,0.4775,0.525,0.51,0.5075,0.6675,0.79,1.0,0.73,0.5,0.5175,0.5175,1.0,0.645,0.58,0.1047,0.0,0.0162,0.0175,0.0054,0.0001,0.0,0.3081,0.0777,0.008,0.0035,0.0033,0.0059,0.0117,0.1772,0.278,0.0,0.3343,0.0034,0.0147,0.0039,0.0135,0.0116,0.0533,0.0,0.0006,0.0078,0.0031,0.0073,0.0038,0.0267,0.0454,0.0,0.2718,0.0124,0.0111,0.0031,0.0045,0.0373,0.0164,0.0,0.0226,0.0034,0.0043,0.0023,0.008,0.0248,0.0249,0.0,0.0254,0.003,0.0052,0.0038,0.0093,0.0175,0.0816,0.0,0.0597,0.0068,0.0055,0.0034,0.0144,0.0268,0.0779
6,2022-04-04T10:02:39.687434,0.5925,1.0,0.5225,0.51,0.515,1.0,1.0,1.0,0.765,0.5525,0.5275,0.5325,0.51,0.475,0.545,1.0,1.0,0.5675,0.5375,0.5425,0.4975,0.49,0.5975,0.6475,1.0,0.5925,0.55,0.535,0.5025,0.4975,0.6025,0.5925,1.0,0.5225,0.505,0.475,0.47,0.4925,0.635,1.0,1.0,0.455,0.445,0.4575,0.47,0.495,0.675,0.5825,1.0,0.5025,0.48,0.5125,0.4975,0.5075,1.0,0.74,1.0,0.68,0.4975,0.5175,0.5075,1.0,0.59,1.0,0.0699,0.0,0.0156,0.0187,0.0089,0.0,0.0,0.154,0.0439,0.004,0.008,0.0066,0.0079,0.0133,0.0924,0.139,0.0,0.1722,0.0067,0.0124,0.0082,0.0117,0.0108,0.0316,0.0,0.2041,0.0076,0.004,0.0049,0.0019,0.2121,0.0702,0.0,0.3746,0.01,0.0081,0.0066,0.006,0.0236,0.0082,0.0,0.0225,0.0042,0.0071,0.0012,0.014,0.0399,0.0562,0.0,0.014,0.0027,0.0088,0.0081,0.0046,0.175,0.0658,0.0,0.0549,0.0046,0.0028,0.0067,0.0072,0.0409,0.2489
6,2022-04-04T10:02:39.815457,0.6125,1.0,0.5325,0.5125,0.525,1.0,1.0,1.0,0.775,0.54,0.5325,0.52,0.5,0.4725,0.5475,0.665,1.0,0.56,0.5425,0.54,0.505,0.4925,0.6125,0.62,1.0,1.0,0.5425,0.535,0.5,0.505,0.6,1.0,1.0,0.5625,0.5125,0.4925,0.4725,0.5125,0.6025,1.0,1.0,0.46,0.45,0.465,0.47,0.5075,0.65,0.5525,1.0,0.485,0.4775,0.5125,0.5,0.535,0.65,0.5975,1.0,0.6775,0.5,0.5125,0.51,1.0,0.6525,0.57,0.0449,0.0,0.0128,0.0106,0.0095,0.0,0.0,0.077,0.0269,0.0083,0.0065,0.0096,0.009,0.0079,0.0474,0.237,0.0,0.0898,0.0058,0.0074,0.0078,0.0071,0.0129,0.0296,0.0,0.3058,0.0076,0.002,0.0037,0.0047,0.1073,0.2388,0.0,0.2073,0.0087,0.0128,0.0045,0.013,0.0281,0.0041,0.0,0.0138,0.0046,0.0073,0.0006,0.0132,0.0325,0.0431,0.0,0.0157,0.0026,0.0044,0.0053,0.0161,0.2625,0.1042,0.0,0.0287,0.0036,0.0039,0.0046,0.0036,0.0517,0.3395
6,2022-04-04T10:02:40.072398,1.0,1.0,0.515,0.525,0.5275,1.0,1.0,1.0,0.69,0.5525,0.5325,0.53,0.51,0.48,1.0,0.6375,1.0,0.57,0.545,0.5325,0.5075,0.495,0.66,0.6375,1.0,1.0,0.55,0.5375,0.505,0.5,1.0,0.655,1.0,0.54,0.51,0.485,0.475,0.49,0.6825,1.0,1.0,0.4625,0.45,0.46,0.47,0.505,0.68,0.58,1.0,0.51,0.48,0.5175,0.5025,0.52,0.595,0.6825,1.0,0.695,0.5,0.515,0.5125,1.0,0.57,0.63,0.2181,0.0,0.0107,0.007,0.0055,0.0,0.0,0.0193,0.058,0.0102,0.0054,0.0074,0.0047,0.0045,0.2362,0.1124,0.0,0.0268,0.0021,0.0037,0.0032,0.0043,0.0326,0.0268,0.0,0.0764,0.0044,0.0049,0.0078,0.0037,0.2131,0.1591,0.0,0.065,0.0047,0.0057,0.0036,0.0133,0.0451,0.2129,0.0,0.0097,0.0068,0.0068,0.0039,0.0058,0.0194,0.0645,0.0,0.0102,0.0057,0.0036,0.0026,0.009,0.1137,0.0567,0.0,0.014,0.0028,0.0035,0.0043,0.0009,0.3148,0.1224
6,2022-04-04T10:02:40.199498,1.0,1.0,0.525,0.53,0.525,1.0,1.0,1.0,0.6625,0.5425,0.5275,0.5275,0.515,0.485,1.0,1.0,1.0,0.5825,0.545,0.535,0.515,0.5,0.6225,0.725,1.0,1.0,0.555,0.5375,0.515,0.515,1.0,0.68,1.0,0.555,0.5,0.49,0.48,0.4925,0.6,1.0,1.0,0.4675,0.455,0.465,0.4775,0.5075,0.66,0.6175,1.0,0.5075,0.48,0.5175,0.5025,0.5125,0.6325,0.6375,1.0,0.7425,0.5025,0.525,0.515,1.0,0.5875,1.0,0.1091,0.0,0.0104,0.006,0.004,0.0,0.0,0.0096,0.0427,0.0101,0.0052,0.0049,0.0049,0.0047,0.1181,0.2374,0.0,0.0197,0.001,0.0031,0.0054,0.0046,0.035,0.0571,0.0,0.0382,0.0047,0.0024,0.0089,0.0093,0.1065,0.092,0.0,0.04,0.0073,0.0053,0.0043,0.0079,0.0638,0.1065,0.0,0.0073,0.0059,0.0059,0.0057,0.0042,0.0197,0.051,0.0,0.0063,0.0028,0.0018,0.0013,0.0083,0.0756,0.0508,0.0,0.0308,0.0026,0.0067,0.0034,0.0005,0.1662,0.2462
6,2022-04-04T10:02:40.456147,1.0,1.0,0.53,0.52,0.5175,1.0,1.0,1.0,0.7175,0.56,0.5325,0.5325,0.5125,0.4725,0.55,1.0,1.0,0.5975,0.54,0.535,0.51,0.49,0.6225,1.0,1.0,1.0,0.545,0.5375,0.5175,0.495,0.605,1.0,1.0,1.0,0.515,0.49,0.48,0.4925,0.665,1.0,1.0,0.49,0.46,0.465,0.4675,0.495,0.595,0.62,1.0,0.5175,0.4775,0.52,0.51,0.4975,0.6325,0.645,1.0,0.7825,0.5025,0.5125,0.52,0.5725,0.6175,0.615,0.0273,0.0,0.0051,0.0084,0.0085,0.0,0.0,0.0024,0.0682,0.3369,0.0082,0.0044,0.0093,0.0131,0.1452,0.0594,0.0,0.0124,0.0046,0.0008,0.0045,0.0055,0.0219,0.1518,0.0,0.0096,0.0043,0.0062,0.0028,0.0092,0.1398,0.103,0.0,0.2294,0.0062,0.0032,0.003,0.0038,0.0478,0.0266,0.0,0.0106,0.0027,0.0052,0.0052,0.0067,0.0355,0.0359,0.0,0.0053,0.0038,0.0011,0.0034,0.0133,0.0583,0.1177,0.0,0.0233,0.0007,0.0067,0.0033,0.107,0.0697,0.1622
6,2022-04-04T10:02:40.583473,1.0,1.0,0.535,0.5175,0.5175,1.0,1.0,0.6375,0.75,0.605,0.535,0.5225,0.5175,0.4675,0.5375,1.0,1.0,0.5925,0.545,0.545,0.5075,0.48,0.5825,0.6575,1.0,1.0,0.55,0.545,0.5075,0.495,1.0,0.7075,1.0,1.0,0.515,0.4975,0.475,0.485,0.66,1.0,1.0,0.4825,0.45,0.4625,0.4725,0.5,0.6675,0.6725,1.0,0.5225,0.475,0.515,0.5,0.5,0.605,0.67,1.0,0.785,0.5025,0.5225,0.5125,1.0,0.65,1.0,0.0136,0.0,0.005,0.0054,0.0042,0.0,0.0,0.1825,0.0503,0.1909,0.0053,0.0072,0.0072,0.009,0.0788,0.0297,0.0,0.0087,0.0048,0.0054,0.0035,0.0078,0.0309,0.2471,0.0,0.0048,0.0046,0.0069,0.0064,0.0046,0.2674,0.1978,0.0,0.1147,0.0031,0.0054,0.004,0.0057,0.0264,0.0133,0.0,0.009,0.0064,0.0039,0.0051,0.0058,0.054,0.0442,0.0,0.0052,0.0032,0.003,0.0067,0.0079,0.0429,0.0714,0.0,0.0129,0.0003,0.0083,0.0054,0.2672,0.0511,0.2736
6,2022-04-04T10:02:40.838864,1.0,1.0,0.54,0.53,0.5275,1.0,1.0,1.0,1.0,1.0,0.54,0.535,0.515,0.48,0.5575,1.0,1.0,0.61,0.56,0.545,0.515,0.4875,0.5875,0.685,1.0,1.0,0.555,0.5475,0.5175,0.495,0.6075,0.695,1.0,1.0,0.505,0.49,0.4775,0.49,0.6125,1.0,1.0,0.4975,0.4575,0.475,0.475,0.5025,0.6175,0.615,1.0,0.545,0.4825,0.5175,0.505,0.5,0.655,0.665,1.0,0.8575,0.51,0.52,0.5175,0.58,0.6625,1.0,0.3072,0.0,0.0075,0.0101,0.0054,0.0,0.0,0.2231,0.1713,0.2527,0.0057,0.0068,0.0024,0.006,0.0316,0.0074,0.0,0.0122,0.0081,0.0032,0.0027,0.0057,0.0202,0.083,0.0,0.0012,0.003,0.003,0.0041,0.0143,0.1675,0.2751,0.0,0.0287,0.0039,0.0045,0.0016,0.0064,0.0241,0.0033,0.0,0.0098,0.0053,0.0047,0.0063,0.004,0.036,0.046,0.0,0.0113,0.0102,0.002,0.0048,0.0057,0.0395,0.2678,0.0,0.0214,0.0032,0.0027,0.0082,0.2768,0.0215,0.3609
7,2022-04-04T10:02:42.134176,1.0,0.4975,0.505,0.49,1.0,1.0,1.0,1.0,0.6325,0.5025,0.5175,0.5075,0.5725,0.6375,1.0,1.0,1.0,0.5325,0.525,0.5175,0.51,0.52,0.5225,0.67,1.0,0.535,0.5275,0.4775,0.47,0.5025,0.515,0.69,1.0,0.525,0.5125,0.4575,0.485,0.51,0.58,1.0,1.0,0.4475,0.455,0.4675,0.5,0.5175,0.665,0.6525,1.0,0.4625,0.4725,0.5225,0.5175,0.52,0.6575,0.71,1.0,0.96,0.52,0.5425,0.5425,1.0,0.645,0.6325,0.0776,0.0328,0.0985,0.0062,0.0148,0.0,0.0,0.2908,0.0487,0.0166,0.0036,0.0065,0.0151,0.0332,0.1216,0.0567,0.0,0.0172,0.0109,0.006,0.0231,0.0225,0.0126,0.275,0.0,0.0376,0.0062,0.0062,0.0066,0.0057,0.0545,0.2709,0.0,0.0157,0.0035,0.0055,0.0091,0.0049,0.0187,0.0,0.0,0.0104,0.003,0.0091,0.0053,0.0094,0.0183,0.0074,0.0,0.0119,0.0089,0.007,0.0039,0.01,0.2821,0.0502,0.0,0.0385,0.0048,0.0042,0.0061,0.041,0.022,0.1233
7,2022-04-04T10:02:42.281462,0.57,0.5,1.0,0.48,1.0,1.0,1.0,0.6225,0.6275,0.505,0.505,0.5,0.5475,0.595,0.5725,0.625,1.0,0.5275,0.5225,0.5075,0.5275,0.525,0.515,0.6675,1.0,0.5375,0.5225,0.48,0.465,0.5075,0.51,0.685,1.0,0.53,0.5175,0.455,0.47,0.4975,0.555,1.0,1.0,0.4525,0.4575,0.46,0.495,0.5125,0.66,0.64,1.0,0.455,0.465,0.5125,0.51,0.5225,0.59,1.0,1.0,0.91,0.505,0.5325,0.535,1.0,0.645,0.55,0.2538,0.0177,0.2968,0.0081,0.0074,0.0,0.0,0.3342,0.0268,0.0096,0.0081,0.007,0.02,0.0379,0.2745,0.2158,0.0,0.0111,0.0067,0.008,0.0203,0.0138,0.01,0.1388,0.0,0.0201,0.0056,0.0043,0.0058,0.0054,0.0297,0.138,0.0,0.0103,0.0043,0.004,0.0121,0.0087,0.0219,0.0,0.0,0.0077,0.0027,0.0083,0.0051,0.0072,0.0117,0.0099,0.0,0.0097,0.0082,0.0085,0.0057,0.0063,0.1748,0.1701,0.0,0.0442,0.0099,0.0071,0.0068,0.0205,0.011,0.1029
7,2022-04-04T10:02:42.542123,0.58,0.4825,1.0,0.48,1.0,1.0,1.0,1.0,0.6125,0.505,0.5075,0.4975,0.5225,1.0,0.6025,0.625,1.0,0.525,0.5325,0.5125,0.53,0.515,0.515,1.0,1.0,0.535,0.5325,0.4775,0.475,0.5,0.51,0.67,1.0,0.525,0.5175,0.45,0.47,0.5075,0.55,1.0,1.0,0.45,0.4625,0.46,0.495,0.505,0.6575,0.6375,1.0,0.465,0.4625,0.5075,0.5075,0.505,0.6425,0.6675,1.0,0.8575,0.5075,0.53,0.5275,1.0,0.6375,0.6525,0.0791,0.0119,0.0742,0.002,0.0019,0.0,0.0,0.1779,0.0311,0.0024,0.0101,0.0049,0.0163,0.1988,0.0805,0.3352,0.0,0.004,0.0085,0.0039,0.0157,0.0078,0.0063,0.2403,0.0,0.0094,0.0045,0.0023,0.0064,0.0032,0.0149,0.0551,0.0,0.0088,0.0029,0.0035,0.0068,0.0065,0.0073,0.0,0.0,0.0069,0.0051,0.0039,0.0032,0.0074,0.011,0.0294,0.0,0.0143,0.0102,0.004,0.0027,0.0084,0.0699,0.1407,0.0,0.0323,0.0031,0.0049,0.0092,0.0051,0.0478,0.312
7,2022-04-04T10:02:42.669794,1.0,0.5,1.0,0.485,1.0,1.0,1.0,1.0,0.595,0.505,0.515,0.4925,1.0,1.0,1.0,1.0,1.0,0.52,0.5275,0.5225,0.5175,0.5225,0.525,0.6625,1.0,0.5325,0.5275,0.4925,0.47,0.505,0.5025,1.0,1.0,0.545,0.5175,0.455,0.4725,0.5,0.55,0.655,1.0,0.46,0.4575,0.4625,0.4875,0.5,0.6075,0.585,1.0,0.4625,0.46,0.5075,0.515,0.515,0.6125,0.655,1.0,0.9375,0.5075,0.5375,0.535,1.0,0.6475,0.6375,0.2495,0.0147,0.0371,0.0035,0.0009,0.0,0.0,0.089,0.0243,0.0012,0.0088,0.0049,0.2469,0.0994,0.239,0.3551,0.0,0.0045,0.0068,0.0069,0.0141,0.0077,0.0081,0.2889,0.0,0.0059,0.0048,0.0087,0.0057,0.0041,0.0112,0.1926,0.0,0.0144,0.0015,0.0042,0.0046,0.007,0.0037,0.1725,0.0,0.0085,0.005,0.0032,0.0053,0.0062,0.0305,0.0409,0.0,0.0084,0.0063,0.002,0.0051,0.0092,0.05,0.0766,0.0,0.0562,0.0015,0.0062,0.0083,0.0026,0.0289,0.1635
7,2022-04-04T10:02:42.925253,1.0,0.5025,1.0,0.4775,1.0,1.0,1.0,1.0,0.625,0.4975,0.5,0.4925,0.5575,0.7075,1.0,0.68,1.0,0.52,0.51,0.5125,0.525,0.5375,0.5175,0.6425,1.0,0.5325,0.53,0.4825,0.465,0.5,0.5075,0.6425,1.0,0.54,0.515,0.4525,0.4675,0.5,0.5225,1.0,1.0,0.46,0.4625,0.4525,0.49,0.5,0.67,0.655,1.0,0.445,0.46,0.5025,0.5075,0.5125,0.615,1.0,1.0,0.7425,0.5025,0.53,0.5225,1.0,0.6575,0.63,0.0624,0.0162,0.388,0.0046,0.0002,0.0,0.0,0.0222,0.0492,0.0034,0.006,0.005,0.173,0.1561,0.3335,0.1694,0.0,0.003,0.0079,0.0061,0.0066,0.0094,0.0077,0.086,0.0,0.0052,0.0018,0.0103,0.0046,0.0035,0.0091,0.2269,0.0,0.018,0.0029,0.0054,0.0024,0.0036,0.0203,0.1294,0.0,0.0021,0.0056,0.0052,0.0026,0.0034,0.0289,0.0302,0.0,0.0065,0.0035,0.003,0.0031,0.0036,0.0544,0.2029,0.0,0.069,0.0016,0.0034,0.0058,0.0006,0.0178,0.3165
7,2022-04-04T10:02:43.053128,0.615,0.4975,1.0,0.4725,1.0,1.0,1.0,1.0,0.65,0.505,0.5075,0.4925,0.5375,1.0,1.0,1.0,1.0,0.5175,0.5225,0.51,0.535,0.5525,0.5175,1.0,1.0,0.5375,0.53,0.4925,0.465,0.5075,0.5,1.0,1.0,0.5325,0.5225,0.455,0.4625,0.5025,0.5175,1.0,1.0,0.455,0.46,0.45,0.4825,0.5,0.6775,0.6475,1.0,0.455,0.455,0.5075,0.51,0.5,0.6375,0.665,1.0,0.785,0.505,0.535,0.5225,1.0,1.0,1.0,0.2237,0.0106,0.194,0.0048,0.0001,0.0,0.0,0.0111,0.0371,0.0055,0.0067,0.0025,0.0965,0.2243,0.1668,0.2447,0.0,0.0028,0.0102,0.0043,0.0083,0.0122,0.0038,0.2217,0.0,0.0051,0.0009,0.0101,0.0023,0.0055,0.0083,0.2922,0.0,0.0127,0.0052,0.004,0.0037,0.0031,0.0126,0.0647,0.0,0.0036,0.0041,0.0038,0.005,0.0017,0.0182,0.0189,0.0,0.0082,0.0042,0.004,0.0028,0.008,0.0384,0.2689,0.0,0.0558,0.0021,0.0042,0.0029,0.0003,0.1802,0.3432
7,2022-04-04T10:02:43.181110,1.0,0.495,1.0,0.475,1.0,1.0,1.0,1.0,0.6175,0.5,0.5,0.495,0.5425,0.6275,1.0,0.625,1.0,0.52,0.525,0.5175,0.5175,0.55,0.515,0.63,1.0,0.5275,0.5225,0.485,0.485,0.505,0.49,0.605,1.0,0.535,0.52,0.4575,0.4625,0.495,0.535,1.0,1.0,0.46,0.4675,0.4575,0.485,0.4975,0.6425,0.6375,1.0,0.455,0.455,0.505,0.5,0.5075,1.0,0.7425,1.0,0.815,0.505,0.525,0.52,1.0,0.5675,0.635,0.3043,0.0065,0.097,0.0037,0.0001,0.0,0.0,0.0056,0.0348,0.0052,0.0071,0.0025,0.0507,0.2984,0.0834,0.3099,0.0,0.0026,0.0064,0.0059,0.0129,0.0074,0.0032,0.2959,0.0,0.0076,0.0042,0.0088,0.0111,0.004,0.0091,0.3436,0.0,0.0076,0.0038,0.0032,0.0019,0.0053,0.0151,0.0323,0.0,0.0043,0.0058,0.0057,0.0038,0.0021,0.0266,0.0144,0.0,0.0041,0.0021,0.0032,0.0064,0.0078,0.2005,0.1732,0.0,0.0429,0.001,0.0071,0.0027,0.0002,0.3063,0.3541
7,2022-04-04T10:02:43.438565,1.0,0.4925,1.0,0.47,1.0,1.0,1.0,1.0,0.6425,0.4925,0.51,0.5075,0.5475,1.0,1.0,1.0,1.0,0.515,0.5175,0.5125,0.54,0.5425,0.52,0.6675,1.0,0.55,0.5275,0.4775,0.4725,0.49,0.4975,1.0,1.0,0.535,0.52,0.4475,0.47,0.4925,0.5175,1.0,1.0,0.45,0.46,0.4525,0.485,0.4975,0.5975,0.65,1.0,0.445,0.465,0.505,0.5,0.5125,0.5825,0.665,1.0,0.7475,0.505,0.53,0.52,1.0,0.64,0.6225,0.0761,0.0085,0.0243,0.0028,0.0,0.0,0.0,0.0014,0.0162,0.0051,0.0062,0.0069,0.0189,0.2502,0.0208,0.1712,0.0,0.005,0.0041,0.0084,0.0114,0.0168,0.0039,0.089,0.0,0.0125,0.0042,0.0078,0.0134,0.0073,0.0098,0.1846,0.0,0.0057,0.0028,0.0052,0.0023,0.0044,0.0088,0.2556,0.0,0.0048,0.0039,0.0027,0.0028,0.0005,0.0285,0.0361,0.0,0.0054,0.0055,0.0008,0.0072,0.0051,0.1607,0.0814,0.0,0.0407,0.0003,0.0037,0.0063,0.0,0.3647,0.1479
7,2022-04-04T10:02:43.566353,0.58,0.49,1.0,0.4675,1.0,1.0,1.0,0.6375,0.6675,0.5,0.5075,0.4875,0.5325,1.0,1.0,0.655,1.0,0.515,0.5275,0.51,0.515,0.5425,0.5025,0.6625,1.0,0.5325,0.5275,0.48,0.465,0.495,0.495,0.7025,1.0,0.5325,0.5075,0.445,0.4675,0.49,0.495,1.0,1.0,0.45,0.4575,0.4475,0.4875,0.4925,0.65,0.5825,1.0,0.445,0.46,0.5025,0.495,0.5,0.655,0.66,1.0,0.675,0.4975,0.5275,0.52,1.0,0.645,0.54,0.248,0.0055,0.0121,0.0026,0.0,0.0,0.0,0.1819,0.0206,0.0063,0.0043,0.0134,0.017,0.1251,0.0104,0.2581,0.0,0.0025,0.007,0.0054,0.0182,0.0084,0.0107,0.047,0.0,0.015,0.0021,0.0052,0.0105,0.0061,0.0061,0.2411,0.0,0.0041,0.0077,0.0038,0.0024,0.0035,0.0156,0.1278,0.0,0.0024,0.0032,0.0038,0.0027,0.0028,0.0405,0.0518,0.0,0.0027,0.0053,0.0017,0.0061,0.0088,0.1166,0.0432,0.0,0.0566,0.0039,0.0031,0.0032,0.0,0.1849,0.1152
7,2022-04-04T10:02:43.821882,1.0,0.5,1.0,0.4725,1.0,1.0,1.0,1.0,0.7325,0.5,0.51,0.5,0.535,1.0,0.57,1.0,1.0,0.5225,0.5175,0.5125,0.525,0.55,0.515,1.0,1.0,0.53,0.525,0.48,0.4675,0.4925,0.4875,0.7225,1.0,0.535,0.5125,0.4575,0.47,0.495,0.5375,0.5725,1.0,0.4525,0.455,0.4525,0.4875,0.4975,0.68,0.6575,1.0,0.4525,0.4625,0.5125,0.505,0.5075,0.665,0.625,1.0,0.8275,0.505,0.53,0.5325,1.0,0.6475,0.635,0.2514,0.0039,0.003,0.0019,0.0,0.0,0.0,0.1361,0.032,0.0091,0.008,0.0065,0.0049,0.3275,0.2176,0.1508,0.0,0.0063,0.0061,0.0026,0.0127,0.0052,0.0064,0.1974,0.0,0.005,0.0055,0.0032,0.0032,0.0028,0.0147,0.0934,0.0,0.0016,0.005,0.0053,0.0037,0.0034,0.0164,0.2457,0.0,0.0019,0.0014,0.006,0.0044,0.0019,0.0645,0.0355,0.0,0.0038,0.0057,0.0048,0.0078,0.0097,0.0567,0.0514,0.0,0.0629,0.0047,0.0014,0.0052,0.0,0.0712,0.3263
8,2022-04-04T10:02:45.296195,0.52,1.0,0.4675,1.0,1.0,1.0,1.0,1.0,0.6525,0.505,0.475,0.56,0.5425,0.4425,0.465,0.565,1.0,1.0,0.5075,0.4975,0.49,0.475,0.495,0.6425,1.0,1.0,0.5025,0.4575,0.4875,0.5,0.5075,0.63,1.0,0.54,0.4625,0.45,0.5075,0.5125,0.525,0.675,1.0,0.4175,0.43,0.4825,0.525,0.515,0.56,0.625,1.0,0.51,0.465,0.52,0.525,0.515,0.605,0.6,1.0,1.0,0.5025,0.53,0.5325,1.0,0.5925,0.645,0.1682,0.0075,0.0068,0.0085,0.0088,0.0,0.0,0.0594,0.0346,0.3628,0.0061,0.0976,0.1488,0.0435,0.0452,0.2531,0.0,0.2366,0.0158,0.0059,0.0081,0.0132,0.0163,0.138,0.0,0.3146,0.0113,0.0135,0.0087,0.0133,0.0095,0.0649,0.0,0.183,0.0108,0.016,0.0129,0.0043,0.0187,0.1877,0.0039,0.0086,0.0125,0.0166,0.008,0.0039,0.0077,0.0375,0.0,0.0326,0.0126,0.0039,0.0046,0.0043,0.0241,0.0449,0.0,0.0155,0.0057,0.0052,0.0069,0.0196,0.083,0.1389
8,2022-04-04T10:02:45.426043,1.0,1.0,0.47,1.0,1.0,1.0,1.0,1.0,0.97,0.525,0.4775,0.56,0.5425,0.4425,0.4625,0.655,1.0,0.5525,0.5075,0.505,0.49,0.475,0.5075,0.6,1.0,1.0,0.5175,0.4575,0.4925,0.51,0.515,0.585,1.0,1.0,0.4625,0.45,0.5075,0.52,0.5275,1.0,1.0,0.43,0.4325,0.4875,0.5175,0.5225,0.5625,0.6275,1.0,0.5375,0.4675,0.53,0.5225,0.525,0.5925,0.7,1.0,1.0,0.5225,0.5325,0.535,1.0,0.66,0.6125,0.3241,0.0038,0.0046,0.0043,0.0044,0.0,0.0,0.0297,0.176,0.1914,0.0043,0.0488,0.0744,0.0218,0.0238,0.1716,0.0,0.3421,0.0079,0.0067,0.004,0.0066,0.0144,0.0903,0.0,0.1573,0.0132,0.0068,0.0069,0.0117,0.0085,0.055,0.0,0.3215,0.0054,0.008,0.0065,0.0059,0.0106,0.2563,0.0019,0.0105,0.0075,0.0108,0.0078,0.0057,0.0051,0.02,0.0,0.0301,0.0076,0.0069,0.0035,0.0071,0.0183,0.0724,0.0,0.0078,0.0129,0.0038,0.0047,0.0098,0.0753,0.0857
8,2022-04-04T10:02:45.687420,0.5925,1.0,0.4675,1.0,1.0,1.0,1.0,1.0,0.6075,0.545,0.485,0.5275,1.0,0.4475,0.455,0.635,1.0,1.0,0.5075,0.5,0.4925,0.4825,0.5075,0.6175,1.0,1.0,0.515,0.4575,0.495,0.5175,0.52,0.6,1.0,0.5325,0.4625,0.45,0.51,0.525,0.5425,1.0,1.0,0.43,0.4275,0.485,0.5275,0.52,0.565,0.635,1.0,0.565,0.47,0.52,0.53,0.53,0.605,0.665,1.0,0.995,0.525,0.5275,0.535,1.0,1.0,1.0,0.1941,0.0009,0.0024,0.0011,0.0011,0.0,0.0,0.0074,0.1546,0.056,0.0067,0.0241,0.2467,0.0067,0.0085,0.0591,0.0,0.3061,0.0038,0.0029,0.0016,0.011,0.013,0.0401,0.0,0.0393,0.0077,0.0073,0.003,0.0054,0.0109,0.02,0.0,0.1985,0.0051,0.0039,0.0047,0.0027,0.0077,0.0641,0.0005,0.0064,0.0044,0.0039,0.0044,0.0064,0.0057,0.0087,0.0,0.0188,0.005,0.0042,0.0028,0.0099,0.0108,0.0587,0.0,0.0044,0.012,0.0028,0.0031,0.0024,0.2113,0.1183
8,2022-04-04T10:02:45.816215,0.6475,1.0,0.465,1.0,1.0,1.0,1.0,0.6375,0.675,0.5175,0.4975,0.54,0.5475,0.44,0.4725,1.0,1.0,0.5675,0.51,0.495,0.495,0.4825,0.505,0.6375,1.0,1.0,0.51,0.465,0.4975,0.5125,0.5225,0.64,1.0,1.0,0.4675,0.4575,0.51,0.5275,0.535,1.0,1.0,0.435,0.4375,0.49,0.52,0.5275,0.55,0.58,1.0,0.57,0.475,0.5275,0.53,0.52,0.595,0.56,1.0,1.0,0.525,0.535,0.5375,1.0,0.6625,0.6,0.1246,0.0005,0.0025,0.0005,0.0005,0.0,0.0,0.185,0.1111,0.0417,0.0096,0.0183,0.3496,0.0071,0.013,0.2121,0.0,0.3693,0.0032,0.004,0.0021,0.0055,0.0077,0.03,0.0,0.0197,0.0063,0.0074,0.0027,0.0052,0.0067,0.03,0.0,0.333,0.005,0.0057,0.0024,0.0026,0.0076,0.032,0.0002,0.0057,0.0072,0.0045,0.006,0.007,0.0103,0.0319,0.0,0.0119,0.005,0.0059,0.0014,0.01,0.0104,0.0819,0.0,0.0047,0.006,0.0052,0.0028,0.0012,0.2744,0.2591
8,2022-04-04T10:02:46.078203,1.0,1.0,0.475,1.0,1.0,1.0,1.0,1.0,0.68,0.53,0.4975,0.56,0.5125,0.4425,0.47,1.0,1.0,0.565,0.5025,0.4925,0.5025,0.4825,0.5175,1.0,1.0,0.6075,0.5,0.465,0.4925,0.51,0.51,0.6225,1.0,0.4925,0.4625,0.455,0.5175,0.52,0.53,1.0,1.0,0.43,0.4475,0.5025,0.53,0.5275,0.5675,0.595,1.0,0.58,0.48,0.53,0.53,0.5275,0.59,0.7575,1.0,0.9925,0.53,0.53,0.535,1.0,0.6075,0.5775,0.2243,0.0001,0.0037,0.0001,0.0001,0.0,0.0,0.1369,0.0328,0.0398,0.0118,0.0139,0.4443,0.0024,0.0057,0.3136,0.0,0.0992,0.0045,0.0041,0.0043,0.0014,0.0076,0.1881,0.0,0.1149,0.006,0.0094,0.0032,0.0044,0.0117,0.2862,0.0,0.217,0.0038,0.0045,0.0031,0.0063,0.0038,0.008,0.0001,0.0039,0.0068,0.0061,0.0059,0.0074,0.0126,0.0148,0.0,0.0073,0.0056,0.004,0.0041,0.0044,0.0164,0.1005,0.0,0.0049,0.0046,0.0032,0.0019,0.0003,0.0942,0.1192
8,2022-04-04T10:02:46.223269,1.0,1.0,0.4725,1.0,1.0,1.0,1.0,0.6425,0.665,0.55,0.49,0.5425,0.535,0.4475,0.4625,1.0,1.0,0.555,0.5125,0.5,0.495,0.4825,0.51,0.6375,1.0,1.0,0.5,0.465,0.4975,0.515,0.53,1.0,1.0,0.49,0.46,0.46,0.52,0.53,0.535,0.66,1.0,0.44,0.4425,0.5,0.53,0.5275,0.565,0.575,1.0,0.565,0.475,0.525,0.5325,0.5275,0.605,0.635,1.0,0.9975,0.5325,0.5325,0.5325,1.0,0.66,0.64,0.1121,0.0001,0.0031,0.0001,0.0001,0.0,0.0,0.2472,0.0239,0.0299,0.0096,0.0157,0.2334,0.0037,0.0066,0.1568,0.0,0.0546,0.0073,0.0058,0.0059,0.0007,0.0075,0.2753,0.0,0.2537,0.003,0.0047,0.0041,0.0047,0.0158,0.3319,0.0,0.1097,0.0031,0.0048,0.0028,0.0081,0.0044,0.174,0.0,0.007,0.0059,0.0043,0.0029,0.0037,0.0075,0.0174,0.0,0.0112,0.0053,0.0045,0.0033,0.0022,0.0157,0.1115,0.0,0.005,0.0036,0.0028,0.0022,0.0002,0.0734,0.0908
8,2022-04-04T10:02:46.486690,1.0,1.0,0.47,1.0,1.0,1.0,1.0,1.0,0.6675,0.5625,0.5,0.535,0.56,0.4475,0.4675,1.0,1.0,0.5975,0.505,0.5025,0.4975,0.4825,0.515,0.6375,1.0,0.715,0.5125,0.46,0.4925,0.5125,0.5225,0.5925,1.0,0.4925,0.4625,0.4575,0.5125,0.5225,0.5275,1.0,1.0,0.4375,0.4425,0.5,0.5325,0.525,0.5775,0.6225,1.0,0.5825,0.4725,0.53,0.525,0.5225,0.64,0.7425,1.0,1.0,0.5325,0.5325,0.53,0.59,0.6325,0.63,0.3187,0.0,0.0077,0.0,0.0,0.0,0.0,0.2462,0.0403,0.0162,0.0055,0.0058,0.3946,0.0065,0.0029,0.0392,0.0,0.0262,0.0056,0.0046,0.0021,0.0039,0.0031,0.1082,0.0,0.2059,0.0045,0.0055,0.0029,0.0056,0.0071,0.1867,0.0,0.0337,0.0014,0.0043,0.0038,0.0058,0.0086,0.1285,0.0,0.0049,0.0052,0.0067,0.0039,0.0015,0.0081,0.0275,0.0,0.0115,0.0063,0.0024,0.0039,0.0018,0.027,0.0766,0.0,0.0019,0.0046,0.0082,0.0074,0.205,0.0533,0.2977
8,2022-04-04T10:02:46.614369,0.5925,1.0,0.48,1.0,1.0,1.0,1.0,1.0,1.0,1.0,0.495,0.5575,1.0,0.4425,0.4725,0.6375,1.0,0.6025,0.52,0.4975,0.49,0.4775,0.5275,0.625,1.0,1.0,0.505,0.46,0.5,0.515,0.5275,0.6075,1.0,1.0,0.4575,0.46,0.515,0.5275,0.5225,1.0,1.0,0.4325,0.4475,0.5,0.53,0.525,0.5725,0.6025,1.0,0.58,0.48,0.5325,0.53,0.53,0.6225,0.675,1.0,1.0,0.5275,0.54,0.545,1.0,0.64,0.6125,0.3631,0.0,0.0088,0.0,0.0,0.0,0.0,0.1231,0.1864,0.2269,0.0053,0.0142,0.4173,0.0058,0.004,0.2009,0.0,0.0156,0.0103,0.0048,0.0048,0.0045,0.0078,0.0604,0.0,0.2455,0.006,0.0028,0.0052,0.004,0.006,0.1009,0.0,0.2706,0.0032,0.0034,0.0032,0.0054,0.0068,0.0643,0.0,0.0049,0.0051,0.0034,0.0032,0.0008,0.0066,0.0237,0.0,0.007,0.0069,0.0024,0.0045,0.0046,0.0223,0.0721,0.0,0.0009,0.0048,0.0079,0.0112,0.3075,0.0304,0.1576
8,2022-04-04T10:02:46.743134,0.5825,1.0,0.48,1.0,1.0,1.0,1.0,1.0,0.635,0.56,0.4975,0.52,0.5225,0.4375,0.465,1.0,1.0,0.61,0.5125,0.4925,0.49,0.4725,0.5125,1.0,1.0,1.0,0.5025,0.46,0.49,0.5125,0.5225,0.635,1.0,0.485,0.4625,0.47,0.5125,0.525,0.5325,1.0,1.0,0.435,0.4425,0.5,0.53,0.5225,0.555,0.6475,1.0,0.575,0.48,0.53,0.5325,0.5225,0.6325,0.665,1.0,1.0,0.5325,0.53,0.54,1.0,0.65,0.635,0.1865,0.0,0.0044,0.0,0.0,0.0,0.0,0.0615,0.2757,0.3334,0.0039,0.0258,0.4474,0.0054,0.0057,0.2817,0.0,0.0115,0.0089,0.0049,0.0024,0.0047,0.0114,0.2177,0.0,0.1227,0.0042,0.0014,0.0076,0.0033,0.0055,0.0642,0.0,0.3928,0.0041,0.0067,0.0028,0.0039,0.0084,0.0321,0.0,0.0037,0.0051,0.0017,0.0016,0.0016,0.012,0.0344,0.0,0.006,0.0035,0.0025,0.0035,0.0061,0.0161,0.041,0.0,0.0005,0.0049,0.0089,0.0081,0.1538,0.0202,0.0901
8,2022-04-04T10:02:47.014246,0.6725,1.0,0.485,1.0,1.0,1.0,1.0,1.0,0.895,0.56,0.495,0.555,0.535,0.4325,0.4825,1.0,1.0,0.5975,0.5175,0.5025,0.5,0.475,0.515,0.615,1.0,0.6925,0.505,0.4575,0.4975,0.515,0.5275,0.6025,1.0,0.4925,0.4625,0.4725,0.525,0.5225,0.53,1.0,1.0,0.435,0.4525,0.51,0.535,0.5275,0.58,0.645,1.0,0.575,0.485,0.5325,0.5375,0.5275,0.66,0.665,1.0,1.0,0.54,0.5325,0.5425,0.5825,0.5925,0.595,0.081,0.0,0.0042,0.0,0.0,0.0,0.0,0.0154,0.1939,0.0871,0.0022,0.019,0.4637,0.0063,0.0077,0.361,0.0,0.0073,0.0047,0.0043,0.0056,0.0024,0.0072,0.1569,0.0,0.1844,0.0054,0.0053,0.0038,0.0021,0.0076,0.0304,0.0,0.1019,0.0048,0.0086,0.0038,0.0022,0.0146,0.008,0.0,0.0047,0.0056,0.0035,0.0035,0.0017,0.0149,0.0111,0.0,0.0071,0.0021,0.0012,0.0034,0.0096,0.0215,0.0196,0.0,0.002,0.0087,0.0085,0.0064,0.1466,0.2963,0.3163
8,2022-04-04T10:02:47.166301,0.6725,1.0,0.4775,1.0,1.0,1.0,1.0,0.6675,0.7325,1.0,0.5025,0.53,1.0,0.4425,0.4725,1.0,1.0,0.61,0.525,0.5075,0.495,0.48,0.5275,0.62,1.0,1.0,0.51,0.4625,0.4975,0.515,0.5325,0.605,1.0,0.49,0.4525,0.47,0.525,0.53,0.5475,1.0,1.0,0.445,0.4525,0.5075,0.5325,0.5275,0.57,0.5875,1.0,0.5875,0.485,0.5325,0.54,0.5225,0.585,0.645,1.0,1.0,0.545,0.545,0.55,0.58,0.635,1.0,0.0405,0.0,0.0059,0.0,0.0,0.0,0.0,0.1739,0.1782,0.2636,0.0049,0.022,0.4644,0.0082,0.0088,0.1805,0.0,0.0099,0.0061,0.0047,0.0053,0.0037,0.0099,0.081,0.0,0.246,0.0052,0.0052,0.0019,0.001,0.0063,0.0165,0.0,0.0522,0.0074,0.0055,0.0019,0.0049,0.016,0.004,0.0,0.0073,0.0028,0.003,0.003,0.0008,0.0124,0.0343,0.0,0.0098,0.0011,0.0006,0.0029,0.0073,0.0483,0.0198,0.0,0.001,0.0069,0.0105,0.007,0.0745,0.1694,0.3606
9,2022-04-04T10:02:48.514484,0.63,1.0,1.0,0.4575,0.47,1.0,1.0,0.6175,0.67,1.0,0.585,0.49,0.5,0.515,0.6,1.0,1.0,0.6525,0.5225,0.515,0.5175,0.5225,0.5475,0.655,1.0,0.475,0.505,0.535,0.54,0.53,0.535,0.675,1.0,0.435,0.5075,0.545,0.5375,0.53,0.5375,1.0,0.59,0.4475,0.525,0.545,0.5375,0.525,0.5825,0.63,1.0,0.52,0.495,0.53,0.5275,0.5225,0.605,0.675,1.0,0.97,0.5225,0.53,0.5275,1.0,1.0,1.0,0.2379,0.0,0.032,0.1777,0.1419,0.0,0.0,0.1024,0.0165,0.0895,0.0291,0.0246,0.0195,0.0163,0.1044,0.1451,0.0,0.2234,0.011,0.0115,0.0055,0.0049,0.0071,0.0464,0.0,0.086,0.0154,0.0093,0.0054,0.0071,0.0044,0.2532,0.0,0.0118,0.012,0.0095,0.0085,0.005,0.0089,0.0,0.095,0.0156,0.0097,0.0065,0.0044,0.006,0.0142,0.0167,0.0,0.0202,0.0026,0.0057,0.0086,0.0053,0.3178,0.1875,0.0,0.0094,0.0084,0.0024,0.0022,0.0005,0.2374,0.1648
9,2022-04-04T10:02:48.670479,0.62,1.0,1.0,0.45,0.465,1.0,1.0,1.0,0.6825,0.6675,0.57,0.475,0.4925,0.49,0.575,1.0,1.0,0.62,0.5075,0.5125,0.5175,0.52,0.5475,0.64,1.0,0.4875,0.4875,0.535,0.5375,0.5325,0.535,0.6625,1.0,0.4325,0.505,0.54,0.535,0.5275,0.535,1.0,0.595,0.455,0.5225,0.535,0.5325,0.5275,0.5775,0.665,1.0,0.505,0.5,0.5375,0.53,0.52,1.0,0.63,1.0,0.9925,0.515,0.525,0.525,1.0,1.0,0.6175,0.124,0.0,0.016,0.0926,0.0734,0.0,0.0,0.2424,0.0145,0.211,0.022,0.0198,0.0135,0.0206,0.0647,0.0725,0.0,0.128,0.013,0.007,0.0027,0.0037,0.0035,0.0307,0.0,0.0492,0.0165,0.0047,0.004,0.0048,0.0022,0.1328,0.0,0.0071,0.0072,0.0073,0.0055,0.0037,0.0057,0.0,0.05,0.0115,0.0061,0.0083,0.0047,0.0043,0.0096,0.0259,0.0,0.0176,0.0038,0.0066,0.0056,0.0039,0.3564,0.1163,0.0,0.0159,0.008,0.0037,0.0023,0.0002,0.1187,0.2737
9,2022-04-04T10:02:48.934287,1.0,1.0,1.0,0.4575,0.465,1.0,1.0,1.0,0.6775,0.66,0.5725,0.4925,0.49,0.51,0.61,1.0,1.0,0.605,0.5225,0.52,0.5225,0.52,0.5475,0.6475,1.0,0.46,0.495,0.54,0.5375,0.5325,0.535,0.6675,0.8175,0.4475,0.5125,0.5525,0.54,0.5325,0.55,1.0,1.0,0.46,0.52,0.5475,0.535,0.5225,0.585,0.5975,1.0,0.5225,0.5,0.535,0.5325,0.5275,0.63,0.615,1.0,0.985,0.525,0.5275,0.5275,1.0,0.615,0.6175,0.126,0.0,0.004,0.0263,0.0221,0.0,0.0,0.2987,0.0161,0.3059,0.3268,0.0118,0.0059,0.0133,0.0331,0.0181,0.0,0.0789,0.007,0.0093,0.0019,0.0009,0.0065,0.0102,0.0,0.0248,0.0079,0.0037,0.0029,0.0031,0.0062,0.0451,0.0913,0.0062,0.0074,0.0074,0.0026,0.0022,0.0052,0.0,0.2019,0.0091,0.0078,0.0071,0.0018,0.0036,0.0099,0.0365,0.0,0.0144,0.0028,0.0048,0.0026,0.0085,0.1853,0.0459,0.0,0.0059,0.0082,0.0053,0.0018,0.0001,0.1384,0.3553
9,2022-04-04T10:02:49.081415,0.6175,1.0,1.0,0.46,0.47,1.0,1.0,1.0,0.6125,0.66,0.58,0.49,0.4925,0.495,1.0,1.0,1.0,0.5975,0.52,0.515,0.52,0.53,0.5625,0.72,1.0,0.485,0.5075,0.535,0.545,0.5375,0.54,0.6675,1.0,0.4475,0.51,0.545,0.54,0.54,0.5575,1.0,1.0,0.465,0.525,0.5525,0.54,0.5225,0.595,0.645,1.0,0.5425,0.5025,0.54,0.5375,0.5225,1.0,1.0,1.0,0.9925,0.5325,0.535,0.535,1.0,0.6075,1.0,0.2542,0.0,0.002,0.0144,0.0136,0.0,0.0,0.1494,0.0406,0.1529,0.1671,0.0072,0.0042,0.0141,0.2115,0.0091,0.0,0.0432,0.0048,0.0071,0.0022,0.0055,0.0108,0.0413,0.0,0.0249,0.0102,0.0043,0.0052,0.004,0.0056,0.0225,0.1369,0.0031,0.005,0.0075,0.0013,0.0048,0.0063,0.0,0.1009,0.0071,0.0064,0.006,0.0034,0.0018,0.01,0.042,0.0,0.0172,0.0027,0.0049,0.0038,0.0067,0.2777,0.2155,0.0,0.0067,0.0079,0.0064,0.0047,0.0,0.073,0.3689
9,2022-04-04T10:02:49.230186,0.6525,1.0,1.0,0.46,0.47,1.0,1.0,1.0,0.6675,0.625,0.5675,0.49,0.5075,0.5,0.58,1.0,1.0,0.595,0.53,0.515,0.5225,0.53,0.56,0.65,1.0,0.485,0.51,0.545,0.5475,0.5325,0.545,0.58,1.0,0.455,0.52,0.5525,0.5475,0.5475,0.545,1.0,1.0,0.4725,0.53,0.5475,0.54,0.5325,1.0,0.6475,1.0,0.545,0.4975,0.5375,0.5375,0.5225,0.6325,0.62,1.0,1.0,0.55,0.5325,0.535,1.0,0.675,0.61,0.1446,0.0,0.001,0.0072,0.0068,0.0,0.0,0.0747,0.0478,0.094,0.0898,0.0036,0.0096,0.0096,0.3158,0.0045,0.0,0.0228,0.0074,0.0036,0.0024,0.0027,0.0066,0.0557,0.0,0.0125,0.0063,0.0072,0.0038,0.0045,0.0053,0.055,0.0684,0.0053,0.0075,0.0075,0.0044,0.0062,0.0094,0.0,0.0505,0.0073,0.0057,0.0055,0.0017,0.0059,0.2075,0.0222,0.0,0.0098,0.0038,0.0037,0.0019,0.0034,0.3226,0.2977,0.0,0.0071,0.0127,0.0045,0.0023,0.0,0.0702,0.3794
9,2022-04-04T10:02:49.361123,0.67,1.0,1.0,0.465,0.4775,1.0,1.0,0.6975,0.655,0.6825,0.555,0.4925,0.495,0.5075,0.575,0.6275,1.0,0.5975,0.53,0.52,0.5175,0.52,0.55,0.7175,1.0,0.47,0.5,0.54,0.545,0.545,0.55,0.6675,1.0,0.445,0.52,0.5475,0.5425,0.54,0.56,1.0,0.8175,0.4725,0.5275,0.5525,0.54,0.5275,0.59,0.6375,1.0,0.555,0.5075,0.54,0.5375,0.5275,0.6625,0.65,1.0,1.0,0.555,0.535,0.535,1.0,0.6675,0.6125,0.0811,0.0,0.0005,0.0061,0.0071,0.0,0.0,0.1886,0.0301,0.0757,0.0512,0.003,0.011,0.0085,0.1604,0.1885,0.0,0.0127,0.0037,0.0043,0.0037,0.0064,0.0083,0.0616,0.0,0.0137,0.0082,0.0061,0.0032,0.0085,0.0051,0.0713,0.0342,0.0076,0.0037,0.0062,0.0047,0.0068,0.0122,0.0,0.1165,0.0036,0.0041,0.0053,0.0009,0.0054,0.3087,0.0161,0.0,0.0099,0.0069,0.0031,0.001,0.0042,0.1763,0.1639,0.0,0.0035,0.0088,0.0035,0.0012,0.0,0.0389,0.191
9,2022-04-04T10:02:49.641509,0.6475,1.0,1.0,0.455,0.4675,1.0,1.0,1.0,0.6575,0.64,0.59,0.495,0.4925,0.5075,0.5725,1.0,1.0,1.0,0.51,0.5175,0.53,0.5375,0.54,1.0,1.0,0.4775,0.5,0.5425,0.5375,0.535,0.5425,1.0,1.0,0.455,0.515,0.5525,0.5475,0.54,0.55,1.0,1.0,0.4725,0.525,0.5575,0.535,0.5375,0.625,0.6325,1.0,0.5475,0.5,0.5375,0.535,0.5325,0.5775,0.6175,1.0,1.0,0.5475,0.545,0.5425,1.0,0.645,1.0,0.099,0.0,0.0001,0.0059,0.0055,0.0,0.0,0.2528,0.0232,0.0427,0.0247,0.0058,0.0078,0.004,0.3601,0.1403,0.0,0.2025,0.0072,0.0017,0.0059,0.0072,0.0108,0.1698,0.0,0.0091,0.0077,0.0046,0.0045,0.0053,0.0044,0.1897,0.0086,0.0044,0.0028,0.0028,0.0024,0.0017,0.0112,0.0,0.106,0.0028,0.0016,0.0038,0.0046,0.0057,0.1059,0.0109,0.0,0.0081,0.0074,0.0039,0.0027,0.0035,0.0759,0.0528,0.0,0.0009,0.0078,0.0052,0.004,0.0,0.0697,0.2346
9,2022-04-04T10:02:49.771091,0.585,1.0,1.0,0.4575,0.4675,1.0,1.0,1.0,0.6525,0.68,0.585,0.4825,0.5025,0.5075,0.6075,0.66,1.0,0.6,0.5225,0.51,0.5275,0.5225,0.5475,0.6675,1.0,0.4775,0.505,0.5425,0.54,0.545,0.555,0.6325,1.0,0.465,0.515,0.5525,0.5475,0.5425,0.5525,1.0,1.0,0.475,0.535,0.5475,0.5425,0.5325,0.57,0.625,1.0,0.5675,0.4975,0.535,0.5425,0.525,0.5925,0.6375,1.0,0.9975,0.56,0.5425,0.5375,1.0,0.645,0.6175,0.0808,0.0,0.0001,0.0042,0.0028,0.0,0.0,0.1264,0.0141,0.0413,0.0148,0.0091,0.0089,0.002,0.1975,0.2401,0.0,0.3013,0.0098,0.0046,0.0042,0.0111,0.0092,0.2511,0.0,0.0045,0.0063,0.0023,0.0035,0.0076,0.0085,0.2786,0.0043,0.0072,0.0014,0.0014,0.0012,0.0021,0.0068,0.0,0.053,0.0026,0.0058,0.0069,0.006,0.0054,0.0805,0.0092,0.0,0.0141,0.0049,0.0032,0.0051,0.0055,0.0455,0.0364,0.0,0.0017,0.0102,0.0039,0.0045,0.0,0.0349,0.3086
9,2022-04-04T10:02:49.903240,0.5925,1.0,1.0,0.46,0.47,1.0,1.0,0.6125,0.6825,0.65,1.0,0.49,0.4975,0.5025,0.5625,0.615,1.0,0.5675,0.5075,0.515,0.5275,0.5225,0.545,0.6575,1.0,0.495,0.4975,0.54,0.5475,0.5525,0.5375,0.6775,1.0,0.46,0.51,0.5525,0.5475,0.5375,0.55,1.0,0.805,0.475,0.53,0.5475,0.5425,0.5275,0.5975,0.6775,1.0,0.5575,0.5025,0.54,0.535,0.5275,0.6475,0.6975,1.0,1.0,0.555,0.545,0.54,1.0,0.62,1.0,0.0441,0.0,0.0,0.0033,0.0026,0.0,0.0,0.2569,0.022,0.0357,0.2149,0.0083,0.0069,0.0035,0.1213,0.1426,0.0,0.1669,0.0124,0.0048,0.0021,0.0056,0.0058,0.1306,0.0,0.011,0.0069,0.0024,0.0055,0.0076,0.013,0.1618,0.0021,0.0061,0.0032,0.0007,0.0006,0.0036,0.0047,0.0,0.124,0.0013,0.0054,0.0035,0.003,0.0052,0.054,0.0309,0.0,0.012,0.005,0.0041,0.0063,0.004,0.0502,0.0482,0.0,0.0021,0.0076,0.0032,0.0035,0.0,0.0299,0.3455
9,2022-04-04T10:02:50.178582,0.595,1.0,1.0,0.4575,0.48,1.0,1.0,1.0,0.6325,0.6575,0.58,0.4875,0.4975,0.505,0.5725,1.0,1.0,0.595,0.5275,0.51,0.5225,0.5325,0.55,0.6725,1.0,0.495,0.5125,0.5425,0.5475,0.5325,0.5325,1.0,1.0,0.4625,0.515,0.56,0.555,0.5375,0.5525,1.0,0.8325,0.47,0.53,0.55,0.535,0.5325,0.595,0.6225,1.0,0.57,0.505,0.54,0.53,0.535,0.6375,0.7,1.0,1.0,0.565,0.5425,0.54,1.0,0.59,0.645,0.0198,0.0,0.0,0.004,0.0132,0.0,0.0,0.1611,0.053,0.012,0.16,0.0071,0.0055,0.004,0.0572,0.2006,0.0,0.1217,0.0112,0.0056,0.0024,0.012,0.0058,0.282,0.0,0.0121,0.0067,0.0037,0.007,0.0094,0.0151,0.2073,0.0005,0.0065,0.0027,0.0058,0.0033,0.0046,0.0055,0.0,0.1635,0.0022,0.0051,0.0034,0.0039,0.0038,0.0197,0.0252,0.0,0.0111,0.0081,0.001,0.0078,0.0066,0.2819,0.0808,0.0,0.0005,0.0063,0.007,0.0065,0.3263,0.0244,0.2639
9,2022-04-04T10:02:50.318361,1.0,1.0,1.0,0.4575,0.4775,1.0,1.0,1.0,0.7325,1.0,0.585,0.495,0.505,0.5025,0.5875,1.0,1.0,0.605,0.5225,0.5175,0.525,0.5375,0.5575,1.0,1.0,0.4975,0.5075,0.5475,0.55,0.55,0.55,0.7025,1.0,0.45,0.5225,0.5575,0.55,0.5375,0.555,1.0,0.8125,0.4725,0.5375,0.5575,0.5475,0.5275,0.64,0.6425,1.0,0.565,0.5075,0.545,0.54,0.5375,0.6425,0.6375,1.0,1.0,0.5575,0.54,0.5425,1.0,0.5975,0.6575,0.2124,0.0,0.0,0.002,0.0078,0.0,0.0,0.0806,0.0765,0.1773,0.0825,0.0073,0.0065,0.0033,0.0361,0.1003,0.0,0.0659,0.0081,0.0065,0.0025,0.0085,0.0067,0.3048,0.0,0.0073,0.0059,0.0044,0.0048,0.0134,0.0163,0.2524,0.0003,0.0095,0.0051,0.0042,0.0041,0.0023,0.004,0.0,0.0917,0.0024,0.0063,0.0054,0.0082,0.0044,0.0324,0.0226,0.0,0.0081,0.0053,0.003,0.0089,0.0046,0.1435,0.0717,0.0,0.0003,0.0069,0.0048,0.0045,0.1631,0.0159,0.1382
0,2022-04-04T10:02:51.439534,1.0,1.0,1.0,1.0,1.0,1.0,1.0,1.0,1.0,0.6925,1.0,0.61,0.705,0.7025,1.0,1.0,1.0,0.835,0.57,0.5375,0.58,0.65,0.71,0.695,1.0,1.0,0.4925,0.5025,0.51,0.5225,0.6125,0.7725,1.0,0.52,0.5125,0.5225,0.5225,0.52,0.575,1.0,1.0,0.5425,0.525,0.555,0.5525,0.5475,0.635,0.6475,1.0,0.96,0.525,0.5575,0.555,0.5625,0.6075,0.74,1.0,1.0,0.5975,0.55,0.56,1.0,0.72,0.6575,0.2729,0.0,0.0,0.0351,0.033,0.0476,0.0,0.0003,0.0958,0.2518,0.2694,0.0652,0.0554,0.0578,0.3225,0.0164,0.0,0.184,0.0331,0.0132,0.0268,0.0472,0.0469,0.2645,0.0,0.1315,0.0078,0.012,0.0068,0.0088,0.3051,0.1404,0.0253,0.0092,0.0104,0.013,0.0073,0.0052,0.0051,0.0994,0.0011,0.0113,0.0046,0.0085,0.0103,0.0019,0.0141,0.0235,0.0,0.1013,0.0065,0.0031,0.0054,0.0077,0.0439,0.0753,0.0,0.0,0.0091,0.0057,0.006,0.0204,0.0332,0.2109
0,2022-04-04T10:02:51.566766,0.7125,1.0,1.0,1.0,1.0,1.0,1.0,1.0,1.0,0.675,0.615,0.665,0.6875,0.6975,0.6675,1.0,1.0,0.8375,0.545,0.54,0.5875,0.6575,0.68,0.695,1.0,0.5325,0.4975,0.51,0.525,0.5175,1.0,0.7775,1.0,0.5175,0.51,0.525,0.5175,0.5175,0.585,1.0,1.0,0.5575,0.53,0.555,0.5575,0.5475,0.635,0.675,1.0,0.85,0.525,0.5575,0.5575,0.565,0.665,0.6675,1.0,1.0,0.595,0.5525,0.565,1.0,0.68,0.62,0.2802,0.0,0.0,0.0175,0.0165,0.0238,0.0,0.0002,0.0479,0.1347,0.3272,0.0601,0.0365,0.0314,0.3275,0.0082,0.0,0.0933,0.029,0.0079,0.0171,0.0274,0.0385,0.1322,0.0,0.2995,0.0064,0.0097,0.0109,0.0069,0.3463,0.0727,0.0127,0.0059,0.0065,0.0077,0.0061,0.0038,0.0076,0.0497,0.0005,0.0132,0.0048,0.0043,0.0076,0.0009,0.0071,0.0255,0.0,0.1056,0.0032,0.0015,0.0039,0.0051,0.0507,0.0739,0.0,0.0,0.0058,0.0041,0.0055,0.0102,0.0366,0.1242
0,2022-04-04T10:02:51.840280,1.0,1.0,1.0,1.0,1.0,1.0,1.0,1.0,1.0,0.7,1.0,0.7225,0.6625,0.7075,0.6475,1.0,1.0,0.9425,0.5375,0.5325,0.5725,0.655,0.6575,1.0,1.0,1.0,0.5075,0.5075,0.5125,0.5225,0.6125,0.71,1.0,0.52,0.5025,0.525,0.52,0.525,0.59,1.0,1.0,0.5475,0.5225,0.56,0.5525,0.5475,0.62,0.685,1.0,0.8825,0.5275,0.5575,0.5575,0.5625,0.6725,0.615,1.0,1.0,0.6125,0.5575,0.56,1.0,1.0,1.0,0.1419,0.0,0.0,0.0044,0.0041,0.0059,0.0,0.0,0.012,0.0455,0.1781,0.0325,0.0229,0.0116,0.105,0.0021,0.0,0.0796,0.0204,0.0051,0.0105,0.0343,0.0171,0.1774,0.0,0.1918,0.0085,0.0068,0.0077,0.0036,0.1941,0.2188,0.0032,0.0121,0.0054,0.0019,0.004,0.0066,0.0069,0.0124,0.0001,0.0114,0.0087,0.0036,0.0038,0.004,0.0261,0.0107,0.0,0.0758,0.0052,0.0004,0.0029,0.0063,0.0164,0.1253,0.0,0.0,0.0102,0.0029,0.0026,0.0026,0.166,0.2129
0,2022-04-04T10:02:51.979539,1.0,1.0,1.0,1.0,1.0,1.0,1.0,1.0,0.81,0.765,0.6225,0.7675,1.0,0.6725,0.7475,1.0,1.0,0.945,0.5475,0.535,0.5675,0.6625,0.7425,0.7575,1.0,1.0,0.5025,0.5125,0.5075,0.5225,0.6025,0.7975,1.0,0.52,0.5125,0.5225,0.5175,0.525,0.5775,1.0,1.0,0.56,0.53,0.555,0.5575,0.5475,0.6525,0.655,1.0,0.9275,0.535,0.55,0.56,0.5675,0.7075,1.0,1.0,1.0,0.6075,0.555,0.5625,1.0,0.715,1.0,0.071,0.0,0.0,0.0022,0.0021,0.003,0.0,0.0,0.101,0.0553,0.2778,0.0388,0.1802,0.0233,0.1025,0.001,0.0,0.041,0.0152,0.0038,0.0078,0.0209,0.0511,0.21,0.0,0.0959,0.0067,0.0059,0.0064,0.0018,0.102,0.1532,0.0016,0.006,0.0077,0.0022,0.0033,0.0033,0.0097,0.0062,0.0001,0.012,0.0081,0.0043,0.0044,0.002,0.0293,0.0204,0.0,0.0604,0.0063,0.0039,0.0027,0.0056,0.0257,0.2552,0.0,0.0,0.0076,0.0027,0.0026,0.0013,0.2255,0.1065
0,2022-04-04T10:02:52.127304,1.0,1.0,1.0,1.0,1.0,1.0,1.0,1.0,0.81,0.795,0.6525,1.0,0.68,0.68,1.0,1.0,1.0,0.7,0.56,0.545,0.565,0.6225,0.6475,0.7575,1.0,1.0,0.505,0.5125,0.515,0.5125,0.6275,0.725,1.0,0.515,0.5125,0.525,0.525,0.5275,0.6,1.0,1.0,0.5775,0.525,0.56,0.55,0.55,0.635,0.6725,1.0,0.92,0.53,0.555,0.5575,0.57,0.6275,0.5475,1.0,1.0,0.5975,0.56,0.5625,0.5975,0.6675,1.0,0.0355,0.0,0.0,0.0011,0.001,0.0015,0.0,0.0,0.0505,0.0426,0.1539,0.1356,0.2501,0.0154,0.1775,0.0005,0.0,0.143,0.0138,0.0069,0.0051,0.0305,0.073,0.105,0.0,0.0479,0.0046,0.003,0.0069,0.0059,0.0635,0.1128,0.0008,0.0055,0.0038,0.0024,0.0054,0.0029,0.0161,0.0031,0.0,0.0147,0.0065,0.0046,0.0059,0.0022,0.0234,0.0189,0.0,0.0339,0.0057,0.0045,0.0026,0.0041,0.0529,0.3538,0.0,0.0,0.0088,0.0038,0.0013,0.2019,0.1365,0.0532
0,2022-04-04T10:02:52.409120,1.0,1.0,1.0,1.0,1.0,1.0,1.0,1.0,0.7975,0.74,0.7,1.0,0.6825,0.8325,0.6525,1.0,1.0,0.9225,0.5525,0.53,0.5775,0.655,0.685,0.865,1.0,1.0,0.51,0.505,0.5125,0.5225,0.6025,0.935,1.0,0.5225,0.5125,0.5375,0.5325,0.535,0.585,1.0,1.0,0.5825,0.5275,0.5625,0.5625,0.555,0.62,0.675,1.0,0.9375,0.54,0.565,0.5625,0.5675,0.6775,0.685,1.0,1.0,0.62,0.56,0.56,1.0,0.645,0.6225,0.0089,0.0,0.0,0.0003,0.0003,0.0004,0.0,0.0,0.1057,0.1919,0.0597,0.2252,0.3013,0.097,0.2181,0.0001,0.0,0.1495,0.0128,0.0067,0.3213,0.0164,0.0314,0.1544,0.0,0.012,0.0043,0.0064,0.003,0.0058,0.3078,0.1857,0.0002,0.0051,0.0047,0.0043,0.0045,0.0026,0.0096,0.0008,0.0,0.0231,0.0023,0.0024,0.0084,0.0074,0.034,0.0054,0.0,0.0266,0.0077,0.0042,0.0025,0.0035,0.0345,0.1322,0.0,0.0,0.0091,0.0103,0.0034,0.1511,0.0441,0.1177
0,2022-04-04T10:02:52.542530,1.0,1.0,1.0,1.0,1.0,1.0,1.0,1.0,0.7325,0.665,0.67,0.6625,1.0,1.0,0.7125,1.0,1.0,0.805,0.5525,0.5375,0.5575,0.615,0.7275,0.7575,1.0,1.0,0.5125,0.5125,0.5175,0.53,0.6225,0.7075,1.0,0.5325,0.5225,0.535,0.535,0.5275,0.585,0.8,1.0,0.57,0.525,0.56,0.5725,0.57,0.655,0.685,1.0,0.9675,0.55,0.5625,0.5575,0.5825,0.6975,0.705,1.0,1.0,0.62,0.5625,0.565,1.0,0.6075,0.65,0.0044,0.0,0.0,0.0001,0.0001,0.0002,0.0,0.0,0.0854,0.1335,0.0449,0.2813,0.3094,0.1322,0.1391,0.0001,0.0,0.1335,0.0064,0.0071,0.1706,0.0282,0.0369,0.1309,0.0,0.006,0.0034,0.0069,0.004,0.0067,0.1639,0.2066,0.0001,0.0076,0.0074,0.0034,0.0035,0.005,0.0048,0.1004,0.0,0.0178,0.0024,0.0025,0.0092,0.0112,0.0345,0.0077,0.0,0.0283,0.0088,0.0034,0.0038,0.0093,0.0272,0.0761,0.0,0.0,0.0045,0.0064,0.0042,0.0755,0.0408,0.0726
0,2022-04-04T10:02:52.678648,0.6625,1.0,1.0,1.0,1.0,1.0,1.0,1.0,0.8025,1.0,1.0,1.0,0.705,0.705,1.0,1.0,1.0,1.0,0.565,0.55,0.5575,0.64,0.6775,0.72,1.0,1.0,0.5075,0.5075,0.5125,0.525,1.0,0.765,1.0,0.525,0.515,0.535,0.535,0.535,0.58,0.81,1.0,0.5725,0.53,0.565,0.57,0.5575,0.6575,0.655,1.0,1.0,0.545,0.555,0.56,0.5775,0.6825,1.0,1.0,1.0,0.625,0.5575,0.5675,1.0,0.6675,0.695,0.171,0.0,0.0,0.0001,0.0001,0.0001,0.0,0.0,0.0777,0.2342,0.1874,0.3094,0.3022,0.2136,0.2133,0.0,0.0,0.1643,0.0095,0.0098,0.0853,0.0266,0.0435,0.0842,0.0,0.003,0.0042,0.006,0.0045,0.0058,0.2707,0.1321,0.0,0.0075,0.0074,0.0017,0.0017,0.0063,0.0049,0.0552,0.0,0.0101,0.0037,0.0037,0.0058,0.0119,0.0185,0.0188,0.0,0.0304,0.0069,0.0054,0.0031,0.0071,0.0211,0.1856,0.0,0.0,0.0048,0.0057,0.0034,0.0378,0.0504,0.0588
0,2022-04-04T10:02:52.830348,0.655,1.0,1.0,1.0,1.0,1.0,1.0,1.0,0.8025,0.885,0.6725,1.0,0.7075,0.7775,0.6625,1.0,1.0,0.8575,0.5625,0.5275,0.5475,0.625,0.675,1.0,1.0,1.0,0.515,0.5125,0.5175,0.53,1.0,0.765,1.0,0.5375,0.5175,0.5375,0.535,0.53,0.585,1.0,1.0,0.58,0.53,0.5675,0.5675,0.5525,0.665,0.645,1.0,1.0,0.555,0.5575,0.56,0.5675,1.0,0.6925,1.0,1.0,0.6075,0.5625,0.5725,1.0,0.6925,0.63,0.0892,0.0,0.0,0.0,0.0,0.0,0.0,0.0,0.0388,0.1746,0.2575,0.1547,0.1523,0.1431,0.2754,0.0,0.0,0.1534,0.006,0.0162,0.0477,0.0208,0.023,0.1821,0.0,0.0015,0.0058,0.0055,0.0047,0.0054,0.1353,0.066,0.0,0.01,0.005,0.0021,0.0009,0.0056,0.005,0.1226,0.0,0.0088,0.0018,0.0031,0.0042,0.0084,0.013,0.0144,0.0,0.0152,0.0085,0.004,0.0016,0.0086,0.1693,0.2465,0.0,0.0,0.0111,0.0054,0.0042,0.0189,0.0377,0.0619
0,2022-04-04T10:02:53.088211,1.0,1.0,1.0,1.0,1.0,1.0,1.0,1.0,0.835,1.0,1.0,0.6975,0.75,1.0,1.0,1.0,1.0,0.9525,0.545,0.53,0.565,0.6425,0.73,0.745,1.0,1.0,0.5125,0.505,0.51,0.52,0.6475,0.7175,1.0,0.5225,0.52,0.535,0.535,0.5275,0.575,1.0,1.0,0.57,0.525,0.57,0.565,0.545,0.6375,0.645,1.0,0.9325,0.5475,0.56,0.5525,0.56,0.63,0.6325,1.0,1.0,0.605,0.5625,0.565,1.0,1.0,1.0,0.1948,0.0,0.0,0.0,0.0,0.0,0.0,0.0,0.0178,0.0724,0.1462,0.1237,0.0818,0.2126,0.2938,0.0,0.0,0.0977,0.0121,0.0065,0.0182,0.0121,0.0295,0.158,0.0,0.0004,0.0058,0.0051,0.0087,0.0057,0.2101,0.0678,0.0,0.0156,0.0044,0.0018,0.0021,0.002,0.0081,0.0306,0.0,0.0066,0.003,0.0058,0.0042,0.0096,0.2682,0.0205,0.0,0.0213,0.0059,0.0072,0.0079,0.0059,0.1405,0.0891,0.0,0.0,0.0153,0.0051,0.0042,0.0047,0.1932,0.188
0,2022-04-04T10:02:53.227263,1.0,1.0,1.0,1.0,1.0,1.0,1.0,1.0,0.835,0.675,0.6775,0.67,1.0,0.68,1.0,1.0,1.0,1.0,0.5575,0.5475,0.5525,0.6075,0.6775,1.0,1.0,0.5775,0.5025,0.51,0.515,0.53,0.605,0.745,1.0,0.535,0.525,0.535,0.5325,0.53,0.565,1.0,1.0,0.585,0.535,0.555,0.57,0.5575,0.6425,0.6975,1.0,1.0,0.5475,0.565,0.56,0.57,0.655,0.76,1.0,1.0,0.6175,0.56,0.5675,1.0,0.7025,0.6775,0.0974,0.0,0.0,0.0,0.0,0.0,0.0,0.0,0.0089,0.1987,0.2344,0.0756,0.1659,0.2663,0.1469,0.0,0.0,0.0726,0.0123,0.012,0.0153,0.0235,0.041,0.2065,0.0,0.2114,0.0079,0.0051,0.0068,0.0079,0.1263,0.0476,0.0,0.0141,0.0047,0.0009,0.0023,0.0023,0.0091,0.0153,0.0,0.0108,0.0065,0.0104,0.0046,0.0111,0.1366,0.0365,0.0,0.0444,0.0029,0.0061,0.0077,0.0079,0.0827,0.1083,0.0,0.0,0.0139,0.0038,0.0033,0.0024,0.2453,0.2552
